comparison_axis,fixture_id,dataset,encoder_paper_name,encoder_seed,encoder_checkpoint_sha256,measurement_protocol_id,estimator_method,critic_class,attribute,strength_native,n_detection,n_repeats,rejection_rate,null_rejection_rate,null_flag,fit_selection_seconds,closures,source_ref
fixed_encoder_vary_estimator,F-SOLVER-P116,CIFAR-10 (45k FIT partition),"SimCLR (in-repo P5, 2 views, 200 epochs)",0,f180f84ccef5ea7c (P45 manifest encoder_sha256),P116 (FIT/EVAL/POOL disjoint n each; FIT 80/20; B=200 within-class perms; alpha .05),VCS,"phi=[h_std(2N-1),1] linear; ridge_tanh_calibrated (4 ridge solves, 25-point VAL scale)",blur,0.5,1000,100,0.75,,,0.04,0,reports/P116_results.md:7 (aggregate of reports/P116/full_simclr_blur.json)
fixed_encoder_vary_estimator,F-SOLVER-P116,CIFAR-10 (45k FIT partition),"SimCLR (in-repo P5, 2 views, 200 epochs)",0,f180f84ccef5ea7c (P45 manifest encoder_sha256),P116 (FIT/EVAL/POOL disjoint n each; FIT 80/20; B=200 within-class perms; alpha .05),matched_logistic,"phi=[h_std(2N-1),1] linear; L-BFGS, 50 closures",blur,0.5,1000,100,0.82,,,0.05,40,reports/P116_results.md:14 (aggregate of reports/P116/full_simclr_blur.json)
fixed_encoder_vary_estimator,F-SOLVER-P116,CIFAR-10 (45k FIT partition),"SimCLR (in-repo P5, 2 views, 200 epochs)",0,f180f84ccef5ea7c (P45 manifest encoder_sha256),P116 (FIT/EVAL/POOL disjoint n each; FIT 80/20; B=200 within-class perms; alpha .05),matched_logistic,"phi=[h_std(2N-1),1] linear; L-BFGS, 200 closures",blur,0.5,1000,100,0.82,,,0.31,172,reports/P116_results.md:15 (aggregate of reports/P116/full_simclr_blur.json)
fixed_encoder_vary_estimator,F-SOLVER-P116,CIFAR-10 (45k FIT partition),"SimCLR (in-repo P5, 2 views, 200 epochs)",0,f180f84ccef5ea7c (P45 manifest encoder_sha256),P116 (FIT/EVAL/POOL disjoint n each; FIT 80/20; B=200 within-class perms; alpha .05),matched_logistic,"phi=[h_std(2N-1),1] linear; L-BFGS, 800 closures",blur,0.5,1000,100,0.82,,,1.3,469,reports/P116_results.md:16 (aggregate of reports/P116/full_simclr_blur.json)
fixed_encoder_vary_estimator,F-SOLVER-P116,CIFAR-10 (45k FIT partition),"SimCLR (in-repo P5, 2 views, 200 epochs)",0,f180f84ccef5ea7c (P45 manifest encoder_sha256),P116 (FIT/EVAL/POOL disjoint n each; FIT 80/20; B=200 within-class perms; alpha .05),VCS,"phi=[h_std(2N-1),1] linear; ridge_tanh_calibrated (4 ridge solves, 25-point VAL scale)",blur,0.5,2000,100,0.99,,,0.04,0,reports/P116_results.md:23 (aggregate of reports/P116/full_simclr_blur.json)
fixed_encoder_vary_estimator,F-SOLVER-P116,CIFAR-10 (45k FIT partition),"SimCLR (in-repo P5, 2 views, 200 epochs)",0,f180f84ccef5ea7c (P45 manifest encoder_sha256),P116 (FIT/EVAL/POOL disjoint n each; FIT 80/20; B=200 within-class perms; alpha .05),matched_logistic,"phi=[h_std(2N-1),1] linear; L-BFGS, 50 closures",blur,0.5,2000,100,1.0,,,0.06,41,reports/P116_results.md:30 (aggregate of reports/P116/full_simclr_blur.json)
fixed_encoder_vary_estimator,F-SOLVER-P116,CIFAR-10 (45k FIT partition),"SimCLR (in-repo P5, 2 views, 200 epochs)",0,f180f84ccef5ea7c (P45 manifest encoder_sha256),P116 (FIT/EVAL/POOL disjoint n each; FIT 80/20; B=200 within-class perms; alpha .05),matched_logistic,"phi=[h_std(2N-1),1] linear; L-BFGS, 200 closures",blur,0.5,2000,100,1.0,,,0.32,168,reports/P116_results.md:31 (aggregate of reports/P116/full_simclr_blur.json)
fixed_encoder_vary_estimator,F-SOLVER-P116,CIFAR-10 (45k FIT partition),"SimCLR (in-repo P5, 2 views, 200 epochs)",0,f180f84ccef5ea7c (P45 manifest encoder_sha256),P116 (FIT/EVAL/POOL disjoint n each; FIT 80/20; B=200 within-class perms; alpha .05),matched_logistic,"phi=[h_std(2N-1),1] linear; L-BFGS, 800 closures",blur,0.5,2000,100,1.0,,,1.17,436,reports/P116_results.md:32 (aggregate of reports/P116/full_simclr_blur.json)
fixed_encoder_vary_estimator,F-SOLVER-P116,CIFAR-10 (45k FIT partition),"SimCLR (in-repo P5, 2 views, 200 epochs)",0,f180f84ccef5ea7c (P45 manifest encoder_sha256),P116 (FIT/EVAL/POOL disjoint n each; FIT 80/20; B=200 within-class perms; alpha .05),VCS,"phi=[h_std(2N-1),1] linear; ridge_tanh_calibrated (4 ridge solves, 25-point VAL scale)",colour,0.2,2000,100,0.97,,,0.05,0,reports/P116_results.md:39 (aggregate of reports/P116/full_simclr_colour.json)
fixed_encoder_vary_estimator,F-SOLVER-P116,CIFAR-10 (45k FIT partition),"SimCLR (in-repo P5, 2 views, 200 epochs)",0,f180f84ccef5ea7c (P45 manifest encoder_sha256),P116 (FIT/EVAL/POOL disjoint n each; FIT 80/20; B=200 within-class perms; alpha .05),matched_logistic,"phi=[h_std(2N-1),1] linear; L-BFGS, 50 closures",colour,0.2,2000,100,0.94,,,0.07,41,reports/P116_results.md:46 (aggregate of reports/P116/full_simclr_colour.json)
fixed_encoder_vary_estimator,F-SOLVER-P116,CIFAR-10 (45k FIT partition),"SimCLR (in-repo P5, 2 views, 200 epochs)",0,f180f84ccef5ea7c (P45 manifest encoder_sha256),P116 (FIT/EVAL/POOL disjoint n each; FIT 80/20; B=200 within-class perms; alpha .05),matched_logistic,"phi=[h_std(2N-1),1] linear; L-BFGS, 200 closures",colour,0.2,2000,100,0.94,,,0.35,168,reports/P116_results.md:47 (aggregate of reports/P116/full_simclr_colour.json)
fixed_encoder_vary_estimator,F-SOLVER-P116,CIFAR-10 (45k FIT partition),"SimCLR (in-repo P5, 2 views, 200 epochs)",0,f180f84ccef5ea7c (P45 manifest encoder_sha256),P116 (FIT/EVAL/POOL disjoint n each; FIT 80/20; B=200 within-class perms; alpha .05),matched_logistic,"phi=[h_std(2N-1),1] linear; L-BFGS, 800 closures",colour,0.2,2000,100,0.94,,,1.31,440,reports/P116_results.md:48 (aggregate of reports/P116/full_simclr_colour.json)
fixed_encoder_vary_estimator,F-SOLVER-P116,CIFAR-10 (45k FIT partition),"SimCLR (in-repo P5, 2 views, 200 epochs)",0,f180f84ccef5ea7c (P45 manifest encoder_sha256),P116 (FIT/EVAL/POOL disjoint n each; FIT 80/20; B=200 within-class perms; alpha .05),VCS,"phi=[h_std(2N-1),1] linear; ridge_tanh_calibrated (4 ridge solves, 25-point VAL scale)",null (null_label_only),0.0,2000,200,,0.04,False,0.05,0,reports/P116_results.md:151 (aggregate of reports/P116/level_simclr.json)
fixed_encoder_vary_estimator,F-SOLVER-P116,CIFAR-10 (45k FIT partition),"SimCLR (in-repo P5, 2 views, 200 epochs)",0,f180f84ccef5ea7c (P45 manifest encoder_sha256),P116 (FIT/EVAL/POOL disjoint n each; FIT 80/20; B=200 within-class perms; alpha .05),matched_logistic,"phi=[h_std(2N-1),1] linear; L-BFGS, 50 closures",null (null_label_only),0.0,2000,200,,0.04,False,0.06,41,reports/P116_results.md:158 (aggregate of reports/P116/level_simclr.json)
fixed_encoder_vary_estimator,F-SOLVER-P116,CIFAR-10 (45k FIT partition),"SimCLR (in-repo P5, 2 views, 200 epochs)",0,f180f84ccef5ea7c (P45 manifest encoder_sha256),P116 (FIT/EVAL/POOL disjoint n each; FIT 80/20; B=200 within-class perms; alpha .05),matched_logistic,"phi=[h_std(2N-1),1] linear; L-BFGS, 200 closures",null (null_label_only),0.0,2000,200,,0.04,False,0.33,168,reports/P116_results.md:159 (aggregate of reports/P116/level_simclr.json)
fixed_encoder_vary_estimator,F-SOLVER-P116,CIFAR-10 (45k FIT partition),"SimCLR (in-repo P5, 2 views, 200 epochs)",0,f180f84ccef5ea7c (P45 manifest encoder_sha256),P116 (FIT/EVAL/POOL disjoint n each; FIT 80/20; B=200 within-class perms; alpha .05),matched_logistic,"phi=[h_std(2N-1),1] linear; L-BFGS, 800 closures",null (null_label_only),0.0,2000,200,,0.04,False,1.24,438,reports/P116_results.md:160 (aggregate of reports/P116/level_simclr.json)
fixed_encoder_vary_estimator,F-SOLVER-P116,CIFAR-10 (45k FIT partition),"SimCLR (in-repo P5, 2 views, 200 epochs)",0,f180f84ccef5ea7c (P45 manifest encoder_sha256),P116 (FIT/EVAL/POOL disjoint n each; FIT 80/20; B=200 within-class perms; alpha .05),VCS,"phi=[h_std(2N-1),1] linear; ridge_tanh_calibrated (4 ridge solves, 25-point VAL scale)",null (null_all_planted),0.2,2000,200,,0.06,False,0.05,0,reports/P116_results.md:167 (aggregate of reports/P116/level_simclr.json)
fixed_encoder_vary_estimator,F-SOLVER-P116,CIFAR-10 (45k FIT partition),"SimCLR (in-repo P5, 2 views, 200 epochs)",0,f180f84ccef5ea7c (P45 manifest encoder_sha256),P116 (FIT/EVAL/POOL disjoint n each; FIT 80/20; B=200 within-class perms; alpha .05),matched_logistic,"phi=[h_std(2N-1),1] linear; L-BFGS, 50 closures",null (null_all_planted),0.2,2000,200,,0.06,False,0.06,41,reports/P116_results.md:174 (aggregate of reports/P116/level_simclr.json)
fixed_encoder_vary_estimator,F-SOLVER-P116,CIFAR-10 (45k FIT partition),"SimCLR (in-repo P5, 2 views, 200 epochs)",0,f180f84ccef5ea7c (P45 manifest encoder_sha256),P116 (FIT/EVAL/POOL disjoint n each; FIT 80/20; B=200 within-class perms; alpha .05),matched_logistic,"phi=[h_std(2N-1),1] linear; L-BFGS, 200 closures",null (null_all_planted),0.2,2000,200,,0.06,False,0.33,168,reports/P116_results.md:175 (aggregate of reports/P116/level_simclr.json)
fixed_encoder_vary_estimator,F-SOLVER-P116,CIFAR-10 (45k FIT partition),"SimCLR (in-repo P5, 2 views, 200 epochs)",0,f180f84ccef5ea7c (P45 manifest encoder_sha256),P116 (FIT/EVAL/POOL disjoint n each; FIT 80/20; B=200 within-class perms; alpha .05),matched_logistic,"phi=[h_std(2N-1),1] linear; L-BFGS, 800 closures",null (null_all_planted),0.2,2000,200,,0.06,False,1.21,436,reports/P116_results.md:176 (aggregate of reports/P116/level_simclr.json)
