comparison_axis,matched_condition_id,fixture_id,paired_response_fixture_id,dataset,encoder_paper_name,encoder_seed,encoder_checkpoint_sha256,measurement_protocol_id,estimator_method,attribute,strength_native,n_detection,n_detection_repeats,paired_response_n_base_images,h_rejection_rate,output_rejection_rate,h_null_rejection_label_only|all_planted,output_null_rejection_label_only|all_planted,h_null_flag,output_null_flag,"any_null_flag_in_family(all layers, both statistics)",null_all_planted_version,h_power_maxT,delta_accuracy_points,delta_accuracy_points_ci,delta_true_probability,delta_true_probability_ci,flip_percent,analysis_head_sha256,source_ref
fixed_measurement_vary_encoder,C10_colour0.1_n2000x100_resp8000,F-PAIRED-P109/P118,F-PAIRED-P109/P118:EVAL8000,CIFAR-10,VCS,1,1a75f91a42799154,"P109-I1/P118 conditional test (closed_form_critic | exact_js_critic), exact-Q, B=200 within-class perms, alpha .05",VCS,colour,0.1,2000,100,8000,0.6,0.13,0.045|0.065,0.075|0.050,False,False,logits/js_exact,colour_s0.2,1.0,-0.17500000540167093,-0.525|0.150,-0.002715345239266753,-0.0043|-0.0011,2.837499976158142,,reports/P118_i1_P107_AP3_views4_800ep_seed1_colour_power.json; reports/P118_i1_P107_AP3_views4_800ep_seed1_colour_level.json; reports/P109_i1_P107_AP3_views4_800ep_seed1_colour_effects.json
fixed_measurement_vary_encoder,C10_colour0.1_n2000x100_resp8000,F-PAIRED-P109/P118,F-PAIRED-P109/P118:EVAL8000,CIFAR-10,VCS,1,1a75f91a42799154,"P109-I1/P118 conditional test (closed_form_critic | exact_js_critic), exact-Q, B=200 within-class perms, alpha .05",matched_logistic,colour,0.1,2000,100,8000,0.58,0.11,0.045|0.050,0.100|0.065,False,True,logits/js_exact,colour_s0.2,1.0,-0.17500000540167093,-0.525|0.150,-0.002715345239266753,-0.0043|-0.0011,2.837499976158142,,reports/P118_i1_P107_AP3_views4_800ep_seed1_colour_power.json; reports/P118_i1_P107_AP3_views4_800ep_seed1_colour_level.json; reports/P109_i1_P107_AP3_views4_800ep_seed1_colour_effects.json
fixed_measurement_vary_encoder,C10_blur0.25_n2000x100_resp8000,F-PAIRED-P109/P118,F-PAIRED-P109/P118:EVAL8000,CIFAR-10,VCS,1,1a75f91a42799154,"P109-I1/P118 conditional test (closed_form_critic | exact_js_critic), exact-Q, B=200 within-class perms, alpha .05",VCS,blur,0.25,2000,100,8000,0.13,0.09,0.045|0.040,0.065|0.055,False,False,none,blur_s1,0.75,0.13749999925494194,-0.088|0.375,5.8473080571275204e-05,-0.0008|0.0009,1.4875000342726707,,reports/P118_i1_P107_AP3_views4_800ep_seed1_blur_power.json; reports/P118_i1_P107_AP3_views4_800ep_seed1_blur_level.json; reports/P109_i1_P107_AP3_views4_800ep_seed1_blur_effects.json
fixed_measurement_vary_encoder,C10_blur0.25_n2000x100_resp8000,F-PAIRED-P109/P118,F-PAIRED-P109/P118:EVAL8000,CIFAR-10,VCS,1,1a75f91a42799154,"P109-I1/P118 conditional test (closed_form_critic | exact_js_critic), exact-Q, B=200 within-class perms, alpha .05",matched_logistic,blur,0.25,2000,100,8000,0.15,0.1,0.055|0.050,0.055|0.050,False,False,none,blur_s1,0.76,0.13749999925494194,-0.088|0.375,5.8473080571275204e-05,-0.0008|0.0009,1.4875000342726707,,reports/P118_i1_P107_AP3_views4_800ep_seed1_blur_power.json; reports/P118_i1_P107_AP3_views4_800ep_seed1_blur_level.json; reports/P109_i1_P107_AP3_views4_800ep_seed1_blur_effects.json
fixed_measurement_vary_encoder,C10_colour0.1_n2000x100_resp8000,F-PAIRED-P109/P118,F-PAIRED-P109/P118:EVAL8000,CIFAR-10,VCS,2,531f61d0c1a31dc5,"P109-I1/P118 conditional test (closed_form_critic | exact_js_critic), exact-Q, B=200 within-class perms, alpha .05",VCS,colour,0.1,2000,100,8000,0.58,0.14,0.040|0.050,0.040|0.025,False,False,none,colour_s0.2,1.0,-0.4000000189989805,-0.738|-0.062,-0.0038394604343920946,-0.0054|-0.0022,2.9249999672174454,,reports/P118_i1_P107_AP3_views4_800ep_seed2_colour_power.json; reports/P118_i1_P107_AP3_views4_800ep_seed2_colour_level.json; reports/P109_i1_P107_AP3_views4_800ep_seed2_colour_effects.json
fixed_measurement_vary_encoder,C10_colour0.1_n2000x100_resp8000,F-PAIRED-P109/P118,F-PAIRED-P109/P118:EVAL8000,CIFAR-10,VCS,2,531f61d0c1a31dc5,"P109-I1/P118 conditional test (closed_form_critic | exact_js_critic), exact-Q, B=200 within-class perms, alpha .05",matched_logistic,colour,0.1,2000,100,8000,0.44,0.1,0.050|0.055,0.060|0.025,False,False,none,colour_s0.2,1.0,-0.4000000189989805,-0.738|-0.062,-0.0038394604343920946,-0.0054|-0.0022,2.9249999672174454,,reports/P118_i1_P107_AP3_views4_800ep_seed2_colour_power.json; reports/P118_i1_P107_AP3_views4_800ep_seed2_colour_level.json; reports/P109_i1_P107_AP3_views4_800ep_seed2_colour_effects.json
fixed_measurement_vary_encoder,C10_blur0.25_n2000x100_resp8000,F-PAIRED-P109/P118,F-PAIRED-P109/P118:EVAL8000,CIFAR-10,VCS,2,531f61d0c1a31dc5,"P109-I1/P118 conditional test (closed_form_critic | exact_js_critic), exact-Q, B=200 within-class perms, alpha .05",VCS,blur,0.25,2000,100,8000,0.14,0.08,0.030|0.065,0.040|0.050,False,False,none,blur_s1,0.73,0.025000001187436283,-0.213|0.262,0.0005474393838085234,-0.0004|0.0014,1.4000000432133675,,reports/P118_i1_P107_AP3_views4_800ep_seed2_blur_power.json; reports/P118_i1_P107_AP3_views4_800ep_seed2_blur_level.json; reports/P109_i1_P107_AP3_views4_800ep_seed2_blur_effects.json
fixed_measurement_vary_encoder,C10_blur0.25_n2000x100_resp8000,F-PAIRED-P109/P118,F-PAIRED-P109/P118:EVAL8000,CIFAR-10,VCS,2,531f61d0c1a31dc5,"P109-I1/P118 conditional test (closed_form_critic | exact_js_critic), exact-Q, B=200 within-class perms, alpha .05",matched_logistic,blur,0.25,2000,100,8000,0.15,0.04,0.030|0.050,0.035|0.040,False,False,none,blur_s1,0.75,0.025000001187436283,-0.213|0.262,0.0005474393838085234,-0.0004|0.0014,1.4000000432133675,,reports/P118_i1_P107_AP3_views4_800ep_seed2_blur_power.json; reports/P118_i1_P107_AP3_views4_800ep_seed2_blur_level.json; reports/P109_i1_P107_AP3_views4_800ep_seed2_blur_effects.json
fixed_measurement_vary_encoder,C10_colour0.1_n2000x100_resp8000,F-PAIRED-P109/P118,F-PAIRED-P109/P118:EVAL8000,CIFAR-10,SimCLR,1,9b76d11e4d2d04f7,"P109-I1/P118 conditional test (closed_form_critic | exact_js_critic), exact-Q, B=200 within-class perms, alpha .05",VCS,colour,0.1,2000,100,8000,0.08,0.11,0.065|0.065,0.050|0.050,False,False,z/js_exact,colour_s0.2,1.0,-0.24999999441206455,-0.525|0.038,-0.002935761120170355,-0.0043|-0.0015,2.199999988079071,,reports/P118_i1_P41_simclr_views4_800ep_seed1_colour_power.json; reports/P118_i1_P41_simclr_views4_800ep_seed1_colour_level.json; reports/P109_i1_P41_simclr_views4_800ep_seed1_colour_effects.json
fixed_measurement_vary_encoder,C10_colour0.1_n2000x100_resp8000,F-PAIRED-P109/P118,F-PAIRED-P109/P118:EVAL8000,CIFAR-10,SimCLR,1,9b76d11e4d2d04f7,"P109-I1/P118 conditional test (closed_form_critic | exact_js_critic), exact-Q, B=200 within-class perms, alpha .05",matched_logistic,colour,0.1,2000,100,8000,0.1,0.06,0.070|0.055,0.045|0.070,False,False,z/js_exact,colour_s0.2,1.0,-0.24999999441206455,-0.525|0.038,-0.002935761120170355,-0.0043|-0.0015,2.199999988079071,,reports/P118_i1_P41_simclr_views4_800ep_seed1_colour_power.json; reports/P118_i1_P41_simclr_views4_800ep_seed1_colour_level.json; reports/P109_i1_P41_simclr_views4_800ep_seed1_colour_effects.json
fixed_measurement_vary_encoder,C10_blur0.25_n2000x100_resp8000,F-PAIRED-P109/P118,F-PAIRED-P109/P118:EVAL8000,CIFAR-10,SimCLR,1,9b76d11e4d2d04f7,"P109-I1/P118 conditional test (closed_form_critic | exact_js_critic), exact-Q, B=200 within-class perms, alpha .05",VCS,blur,0.25,2000,100,8000,0.1,0.02,0.060|0.075,0.055|0.055,False,False,none,blur_s1,0.6,0.050000002374872565,-0.163|0.250,0.00029369789990596473,-0.0004|0.0010,1.1374999769032001,,reports/P118_i1_P41_simclr_views4_800ep_seed1_blur_power.json; reports/P118_i1_P41_simclr_views4_800ep_seed1_blur_level.json; reports/P109_i1_P41_simclr_views4_800ep_seed1_blur_effects.json
fixed_measurement_vary_encoder,C10_blur0.25_n2000x100_resp8000,F-PAIRED-P109/P118,F-PAIRED-P109/P118:EVAL8000,CIFAR-10,SimCLR,1,9b76d11e4d2d04f7,"P109-I1/P118 conditional test (closed_form_critic | exact_js_critic), exact-Q, B=200 within-class perms, alpha .05",matched_logistic,blur,0.25,2000,100,8000,0.08,0.04,0.045|0.065,0.065|0.065,False,False,none,blur_s1,0.57,0.050000002374872565,-0.163|0.250,0.00029369789990596473,-0.0004|0.0010,1.1374999769032001,,reports/P118_i1_P41_simclr_views4_800ep_seed1_blur_power.json; reports/P118_i1_P41_simclr_views4_800ep_seed1_blur_level.json; reports/P109_i1_P41_simclr_views4_800ep_seed1_blur_effects.json
fixed_measurement_vary_encoder,C10_colour0.1_n2000x100_resp8000,F-PAIRED-P109/P118,F-PAIRED-P109/P118:EVAL8000,CIFAR-10,SimCLR,2,863a1e6bdc1ac565,"P109-I1/P118 conditional test (closed_form_critic | exact_js_critic), exact-Q, B=200 within-class perms, alpha .05",VCS,colour,0.1,2000,100,8000,0.11,0.05,0.050|0.045,0.080|0.070,False,False,none,colour_s0.2,1.0,-0.5125000141561031,-0.825|-0.213,-0.002728321123868227,-0.0041|-0.0014,2.3624999448657036,,reports/P118_i1_P41_simclr_views4_800ep_seed2_colour_power.json; reports/P118_i1_P41_simclr_views4_800ep_seed2_colour_level.json; reports/P109_i1_P41_simclr_views4_800ep_seed2_colour_effects.json
fixed_measurement_vary_encoder,C10_colour0.1_n2000x100_resp8000,F-PAIRED-P109/P118,F-PAIRED-P109/P118:EVAL8000,CIFAR-10,SimCLR,2,863a1e6bdc1ac565,"P109-I1/P118 conditional test (closed_form_critic | exact_js_critic), exact-Q, B=200 within-class perms, alpha .05",matched_logistic,colour,0.1,2000,100,8000,0.08,0.08,0.050|0.040,0.075|0.045,False,False,none,colour_s0.2,1.0,-0.5125000141561031,-0.825|-0.213,-0.002728321123868227,-0.0041|-0.0014,2.3624999448657036,,reports/P118_i1_P41_simclr_views4_800ep_seed2_colour_power.json; reports/P118_i1_P41_simclr_views4_800ep_seed2_colour_level.json; reports/P109_i1_P41_simclr_views4_800ep_seed2_colour_effects.json
fixed_measurement_vary_encoder,C10_blur0.25_n2000x100_resp8000,F-PAIRED-P109/P118,F-PAIRED-P109/P118:EVAL8000,CIFAR-10,SimCLR,2,863a1e6bdc1ac565,"P109-I1/P118 conditional test (closed_form_critic | exact_js_critic), exact-Q, B=200 within-class perms, alpha .05",VCS,blur,0.25,2000,100,8000,0.06,0.05,0.050|0.035,0.070|0.060,False,False,none,blur_s1,0.73,-0.1500000013038516,-0.350|0.075,-0.00013802228204440325,-0.0009|0.0006,1.2500000186264515,,reports/P118_i1_P41_simclr_views4_800ep_seed2_blur_power.json; reports/P118_i1_P41_simclr_views4_800ep_seed2_blur_level.json; reports/P109_i1_P41_simclr_views4_800ep_seed2_blur_effects.json
fixed_measurement_vary_encoder,C10_blur0.25_n2000x100_resp8000,F-PAIRED-P109/P118,F-PAIRED-P109/P118:EVAL8000,CIFAR-10,SimCLR,2,863a1e6bdc1ac565,"P109-I1/P118 conditional test (closed_form_critic | exact_js_critic), exact-Q, B=200 within-class perms, alpha .05",matched_logistic,blur,0.25,2000,100,8000,0.04,0.08,0.045|0.055,0.075|0.060,False,False,none,blur_s1,0.74,-0.1500000013038516,-0.350|0.075,-0.00013802228204440325,-0.0009|0.0006,1.2500000186264515,,reports/P118_i1_P41_simclr_views4_800ep_seed2_blur_power.json; reports/P118_i1_P41_simclr_views4_800ep_seed2_blur_level.json; reports/P109_i1_P41_simclr_views4_800ep_seed2_blur_effects.json
