condition,geometry,a,kappa,dim,start,steps,S,J,J_over_S,gap_S_minus_J,posterior_mse,gram_dist2_M,B,lipschitz_lower,lipschitz_upper,lipschitz_holds,lower_over_gap
core_seed73,shared_unit_gram,2.0,0.5,2,0,2000,0.018699739063967748,-0.3029220434570402,-16.199265798352034,0.321621782521008,0.3216217825210079,0.16560958120662467,1.9970152142303788,0.0033448601078564107,0.6624383248264987,True,0.010399980006447257
core_seed73,two_tower_cross_gram,2.0,0.5,2,0,2000,0.018699739063967748,-0.23153017838896423,-12.381465730454835,0.250229917452932,0.2502299174529319,0.5365589971920443,2.9999996577324755,0.00020891208278284282,2.146235988768177,True,0.0008348805167237406
core_seed73,shared_unit_gram,2.0,0.5,2,1,2000,0.018699739063967748,-0.33204245513331704,-17.756528794197173,0.3507421941972848,0.3507421941972848,0.31456926687386494,2.999990669583312,0.0001224835891898403,1.2582770674954598,True,0.00034921258752502977
core_seed73,two_tower_cross_gram,2.0,0.5,2,1,2000,0.018699739063967748,-0.29252788572466354,-15.643420730310147,0.3112276247886313,0.3112276247886313,0.7289699923900924,2.9999990247488038,0.0002838290362792955,2.9158799695603697,True,0.0009119660777929228
core_seed73,shared_unit_gram,2.0,0.5,2,2,2000,0.018699739063967748,-0.3619679328037204,-19.356844048224776,0.3806676718676882,0.38066767186768813,0.43412632076646185,2.9998332142044384,0.00016914139444779781,1.7365052830658474,True,0.00044432823417321263
core_seed73,two_tower_cross_gram,2.0,0.5,2,2,2000,0.018699739063967748,-0.08617545351027601,-4.608377326308592,0.10487519257424377,0.1048751925742438,0.2417413391452603,2.999982507592295,9.412969387704864e-05,0.9669653565810412,True,0.0008975401290482674
core_seed73,shared_unit_gram,2.0,0.5,4,0,2000,0.018699739063967748,-0.09512633754805735,-5.087040905899853,0.1138260766120251,0.11382607661202512,0.056539262174515284,1.4607316365006262,0.008508562632747844,0.22615704869806114,True,0.07475055704282231
core_seed73,two_tower_cross_gram,2.0,0.5,4,0,2000,0.018699739063967748,0.017727614091284344,0.9480139819407118,0.0009721249726834039,0.0009721249726834094,0.00025406844709451254,0.5084986555260491,0.0006186979782593159,0.0010162737883780502,True,0.6364387251070135
core_seed73,shared_unit_gram,2.0,0.5,4,1,2000,0.018699739063967748,-0.10386400098208058,-5.554302155061329,0.12256374004604834,0.12256374004604836,0.055625261871943166,1.366170473219044,0.011712874048410373,0.22250104748777266,True,0.09556557301539376
core_seed73,two_tower_cross_gram,2.0,0.5,4,1,2000,0.018699739063967748,0.018063292027566027,0.9659649242043126,0.0006364470364017202,0.0006364470364017202,0.00016850230099058104,0.5084986555260491,0.0004103305000960384,0.0006740092039623242,True,0.6447205763042333
core_seed73,shared_unit_gram,2.0,0.5,4,2,2000,0.018699739063967748,-0.1047133464409874,-5.5997223321023775,0.12341308550495514,0.12341308550495514,0.05747805137340041,1.4716888220322724,0.008315700906346292,0.22991220549360164,True,0.06738103072556605
core_seed73,two_tower_cross_gram,2.0,0.5,4,2,2000,0.018699739063967748,0.018503837250291866,0.989523821000617,0.00019590181367588194,0.00019590181367588926,5.531832342251559e-05,0.5084986555260491,0.0001347091118696595,0.00022127329369006236,True,0.6876358587089689
core_seed73,shared_unit_gram,2.0,0.5,8,0,2000,0.018699739063967748,-0.0356235577213284,-1.9050296691022235,0.05432329678529615,0.054323296785296155,0.025250867113566708,1.2090384404804109,0.009117627559099655,0.10100346845426683,True,0.16784009989554888
core_seed73,two_tower_cross_gram,2.0,0.5,8,0,2000,0.018699739063967748,0.01868866570978221,0.9994078337591953,1.107335418553887e-05,1.1073354185541507e-05,2.9539497238509275e-06,0.5084986555260491,7.193347867184671e-06,1.181579889540371e-05,True,0.6496087587064404
core_seed73,shared_unit_gram,2.0,0.5,8,1,2000,0.018699739063967748,-0.03573497575187943,-1.9109879356946016,0.05443471481584718,0.05443471481584719,0.02612830728653227,1.2384566545885114,0.008545769351071111,0.10451322914612908,True,0.15699116602303287
core_seed73,two_tower_cross_gram,2.0,0.5,8,1,2000,0.018699739063967748,0.018670037004889808,0.9984116324310015,2.9702059077939963e-05,2.9702059077941925e-05,8.397909311993017e-06,0.5084986555260491,2.0450274610457057e-05,3.3591637247972067e-05,True,0.6885137005752472
core_seed73,shared_unit_gram,2.0,0.5,8,2,2000,0.018699739063967748,-0.03681011922845545,-1.9684830415299392,0.0555098582924232,0.055509858292423206,0.025684784621547815,1.1836737576952827,0.010091716659324106,0.10273913848619126,True,0.18180043995359238
core_seed73,two_tower_cross_gram,2.0,0.5,8,2,2000,0.018699739063967748,0.018676078082322436,0.9987346892079952,2.3660981645311913e-05,2.3660981645313597e-05,6.29685658218494e-06,0.5084986555260491,1.5333869598287605e-05,2.518742632873976e-05,True,0.6480656562837829
core_seed73,shared_unit_gram,1.0,0.5,2,0,2000,0.018699739063967748,-0.055794172757649085,-2.9836872357838433,0.07449391182161683,0.07449391182161683,0.08876729428240723,0.6613377043496032,0.039192098583365975,0.08876729428240723,True,0.5261114314578539
core_seed73,two_tower_cross_gram,1.0,0.5,2,0,2000,0.018699739063967748,-0.08740766416598159,-4.67427186373986,0.10610740322994933,0.1061074032299493,0.2666406421516289,1.4999999858478126,0.008707121112109736,0.2666406421516289,True,0.08205950618959365
core_seed73,shared_unit_gram,1.0,0.5,2,1,2000,0.018699739063967748,-0.05579417275764906,-2.983687235783842,0.0744939118216168,0.07449391182161683,0.08876729428240726,0.6613377043496033,0.03919209858336599,0.08876729428240726,True,0.5261114314578543
core_seed73,two_tower_cross_gram,1.0,0.5,2,1,2000,0.018699739063967748,-0.22429567311982684,-11.994588392520347,0.24299541218379458,0.24299541218379456,0.6578057704026077,1.4999803925941726,0.02148209961351596,0.6578057704026077,True,0.08840537119798596
core_seed73,shared_unit_gram,1.0,0.5,2,2,2000,0.018699739063967748,-0.05579417275764911,-2.983687235783845,0.07449391182161685,0.07449391182161685,0.08876729428240729,0.6613377043496034,0.039192098583366,0.08876729428240729,True,0.5261114314578541
core_seed73,two_tower_cross_gram,1.0,0.5,2,2,2000,0.018699739063967748,-0.05469664355264975,-2.9249950154675637,0.07339638261661749,0.07339638261661752,0.18500947711259882,1.499140089236903,0.0060603011093855715,0.18500947711259882,True,0.08256947949385007
core_seed73,shared_unit_gram,1.0,0.5,4,0,2000,0.018699739063967748,-0.011152435964784435,-0.5963952719679335,0.029852175028752183,0.029852175028752176,0.03432912487493154,0.5905521405700949,0.01773644177740573,0.03432912487493154,True,0.594142361832022
core_seed73,two_tower_cross_gram,1.0,0.5,4,0,2000,0.018699739063967748,0.018482181322515584,0.9883657338368228,0.00021755774145216372,0.00021755774145216475,0.00024882439135239534,0.5084986555260491,0.0001514819624709872,0.00024882439135239534,True,0.6962839449420136
core_seed73,shared_unit_gram,1.0,0.5,4,1,2000,0.018699739063967748,-0.011181593910392654,-0.5979545421539225,0.0298813329743604,0.029881332974360398,0.03450211719831194,0.5572436951925456,0.019099978068887153,0.03450211719831194,True,0.6391943118894943
core_seed73,two_tower_cross_gram,1.0,0.5,4,1,2000,0.018699739063967748,0.01848051998127119,0.9882768908193501,0.0002192190826965576,0.00021921908269655874,0.0002497458768220466,0.5084986555260491,0.00015204295420725788,0.0002497458768220466,True,0.6935662367391404
core_seed73,shared_unit_gram,1.0,0.5,4,2,2000,0.018699739063967748,-0.010862849857496276,-0.5809091677876801,0.029562588921464024,0.029562588921464017,0.03400548403355733,0.5492813771251333,0.01912903227328558,0.03400548403355733,True,0.6470689128108423
core_seed73,two_tower_cross_gram,1.0,0.5,4,2,2000,0.018699739063967748,0.017592019780977942,0.9407628481231456,0.0011077192829898053,0.0011077192829898133,0.0011498750247095476,0.5084986555260491,0.0007000331615106365,0.0011498750247095476,True,0.6319589920121298
core_seed73,shared_unit_gram,1.0,0.5,8,0,2000,0.018699739063967748,0.005083366622219289,0.27184158050709667,0.013616372441748459,0.013616372441748464,0.01650019344167922,0.6359162721721701,0.007720379318960583,0.01650019344167922,True,0.5669923727474966
core_seed73,two_tower_cross_gram,1.0,0.5,8,0,2000,0.018699739063967748,0.018690135149103934,0.9994864144985681,9.603914863813567e-06,9.603914863813801e-06,1.0388537205077171e-05,0.5084986555260491,6.324444297742699e-06,1.0388537205077171e-05,True,0.6585277345150641
core_seed73,shared_unit_gram,1.0,0.5,8,1,2000,0.018699739063967748,0.005083366622219282,0.2718415805070963,0.013616372441748466,0.013616372441748464,0.016500193441679224,0.6359162721721747,0.007720379318960504,0.016500193441679224,True,0.5669923727474906
core_seed73,two_tower_cross_gram,1.0,0.5,8,1,2000,0.018699739063967748,0.018692033457344083,0.9995879297247248,7.705606623664707e-06,7.705606623666711e-06,8.264233500790098e-06,0.5084986555260491,5.0311880688786405e-06,8.264233500790098e-06,True,0.6529256312445728
core_seed73,shared_unit_gram,1.0,0.5,8,2,2000,0.018699739063967748,0.005083366622219275,0.2718415805070959,0.013616372441748473,0.013616372441748464,0.016500193441679224,0.6359162721721747,0.007720379318960504,0.016500193441679224,True,0.5669923727474903
core_seed73,two_tower_cross_gram,1.0,0.5,8,2,2000,0.018699739063967748,0.018683527065745255,0.9991330361259568,1.6211998222492863e-05,1.621199822249424e-05,1.7439794826611944e-05,0.5084986555260491,1.0617183994977008e-05,1.7439794826611944e-05,True,0.6548966912818006
core_seed73,shared_unit_gram,3.0,0.5,2,0,2000,0.018699739063967748,-0.4395612774199655,-23.50627866604565,0.45826101648393325,0.4582610164839333,0.4302104990035345,4.498188863274915,9.498913655815977e-07,3.87189449103181,True,2.072817305887727e-06
core_seed73,two_tower_cross_gram,3.0,0.5,2,0,2000,0.018699739063967748,-0.3040983005488239,-16.26216812483691,0.3227980396127917,0.32279803961279163,0.6799334363880761,4.499999828981185,1.4904387793930334e-06,6.119400927492685,True,4.617248547050876e-06
core_seed73,shared_unit_gram,3.0,0.5,2,1,2000,0.018699739063967748,-0.5977239088991104,-31.964291418956527,0.6164236479630781,0.6164236479630781,0.6918353727063923,4.499999939799848,1.5165275838624278e-06,6.22651835435753,True,2.4602034475375335e-06
core_seed73,two_tower_cross_gram,3.0,0.5,2,1,2000,0.018699739063967748,-0.3188452441220343,-17.05078573724125,0.33754498318600207,0.337544983186002,0.7370642088079873,4.499999811689531,1.6156716185483192e-06,6.633577879271885,True,4.786537199570859e-06
core_seed73,shared_unit_gram,3.0,0.5,2,2,2000,0.018699739063967748,-0.6157506085483232,-32.92829950417886,0.6344503476122909,0.6344503476122909,0.7268519992201768,4.499953208147144,1.5935830482728903e-06,6.5416679929815915,True,2.5117537633484286e-06
core_seed73,two_tower_cross_gram,3.0,0.5,2,2,2000,0.018699739063967748,-0.23642712250966447,-12.643338054124639,0.25512686157363224,0.25512686157363224,0.5460621877485365,4.499999992715548,1.1969873580571989e-06,4.914559689736829,True,4.691733950216513e-06
core_seed73,shared_unit_gram,3.0,0.5,4,0,2000,0.018699739063967748,-0.175388193215268,-9.379178640691352,0.19408793227923574,0.19408793227923576,0.08197944839452512,2.2370926008748397,0.0014660495394284308,0.737815035550726,True,0.0075535326808429
core_seed73,two_tower_cross_gram,3.0,0.5,4,0,2000,0.018699739063967748,0.01846126899455347,0.9872474119238497,0.00023847006941427745,0.00023847006941428108,2.9945516257156313e-05,0.5084986555260491,0.00016407495224513084,0.0002695096463144068,True,0.6880316370441225
core_seed73,shared_unit_gram,3.0,0.5,4,1,2000,0.018699739063967748,-0.16885766340114583,-9.02994757432285,0.18755740246511357,0.18755740246511354,0.07393029949358859,2.178466292597073,0.0016621735360549548,0.6653726954422974,True,0.008862212390492697
core_seed73,two_tower_cross_gram,3.0,0.5,4,1,2000,0.018699739063967748,0.017708054319947406,0.9469679902683132,0.0009916847440203415,0.000991684744020341,0.00011400536947812078,0.5084986555260491,0.000624648624928648,0.001026048325303087,True,0.6298862906736772
core_seed73,shared_unit_gram,3.0,0.5,4,2,2000,0.018699739063967748,-0.1905145177371792,-10.188084287458258,0.20921425680114694,0.20921425680114694,0.09097550866698317,2.8376660022325724,0.00015198779984258886,0.8187795780028486,True,0.0007264696114235158
core_seed73,two_tower_cross_gram,3.0,0.5,4,2,2000,0.018699739063967748,0.018474953460394274,0.9879792117523923,0.0002247856035734741,0.00022478560357347746,2.8406412682793485e-05,0.5084986555260491,0.00015564202548256275,0.00025565771414514136,True,0.6924021067554228
core_seed73,shared_unit_gram,3.0,0.5,8,0,2000,0.018699739063967748,-0.06825844466251373,-3.650235141197233,0.08695818372648148,0.08695818372648148,0.03156833701113175,1.825820772832865,0.00276271706178465,0.28411503310018577,True,0.031770638982922046
core_seed73,two_tower_cross_gram,3.0,0.5,8,0,2000,0.018699739063967748,0.018683031815861843,0.9991065518054154,1.6707248105905098e-05,1.670724810590465e-05,1.947874310664661e-06,0.5084986555260491,1.0672628975813524e-05,1.753086879598195e-05,True,0.6388023274785352
core_seed73,shared_unit_gram,3.0,0.5,8,1,2000,0.018699739063967748,-0.06892401634933111,-3.6858277066624843,0.08762375541329886,0.08762375541329886,0.031804961105620144,1.869761271581741,0.002354764494324243,0.2862446499505813,True,0.026873585630031727
core_seed73,two_tower_cross_gram,3.0,0.5,8,1,2000,0.018699739063967748,0.018665382146325016,0.9981627060396295,3.435691764273191e-05,3.435691764273171e-05,4.192154253395228e-06,0.5084986555260491,2.2969298743202288e-05,3.772938828055706e-05,True,0.668549460171418
core_seed73,shared_unit_gram,3.0,0.5,8,2,2000,0.018699739063967748,-0.0756307710301766,-4.044482694194831,0.09433051009414434,0.09433051009414434,0.03261313636648019,1.8067512245390613,0.0030682957916968756,0.29351822729832167,True,0.032527077280029924
core_seed73,two_tower_cross_gram,3.0,0.5,8,2,2000,0.018699739063967748,0.018658518978068753,0.9977956865730592,4.122008589899431e-05,4.1220085898993405e-05,5.4658692901693e-06,0.5084986555260491,2.9948130967631483e-05,4.9192823611523694e-05,True,0.7265421775446168
core_seed73,shared_unit_gram,2.0,0.25,2,0,2000,0.018699739063967748,-0.45431123949703933,-24.295057698021303,0.4730109785610071,0.4730109785610071,0.4813732657192144,2.359542266782535,0.002367470158414859,1.9254930628768576,True,0.005005106151271945
core_seed73,two_tower_cross_gram,2.0,0.25,2,0,2000,0.018699739063967748,-0.06029976079363589,-3.2246311345502465,0.07899949985760363,0.07899949985760364,0.07735628615282482,1.922723730561713,0.0020788269867372854,0.3094251446112993,True,0.026314432249373288
core_seed73,shared_unit_gram,2.0,0.25,2,1,2000,0.018699739063967748,-0.44332882391134387,-23.707754551804825,0.46202856297531164,0.4620285629753117,0.44848834743667193,2.304284066959978,0.002740012652677356,1.7939533897466877,True,0.0059303966729515115
core_seed73,two_tower_cross_gram,2.0,0.25,2,1,2000,0.018699739063967748,-0.08509683402736437,-4.550696335187704,0.10379657309133211,0.10379657309133211,0.08475660322489559,1.8356687801053895,0.003175595073086942,0.33902641289958235,True,0.03059441153507727
core_seed73,shared_unit_gram,2.0,0.25,2,2,2000,0.018699739063967748,-0.3776588330872652,-20.19594133347938,0.396358572151233,0.39635857215123294,0.42035522288882665,2.374910747349773,0.0019461949458364205,1.6814208915553066,True,0.004910187599257569
core_seed73,two_tower_cross_gram,2.0,0.25,2,2,2000,0.018699739063967748,-0.09338286819351455,-4.993805949594913,0.11208260725748229,0.11208260725748227,0.09317521947874294,1.8525087824353121,0.003274356701382262,0.37270087791497175,True,0.0292137806346727
core_seed73,shared_unit_gram,2.0,0.25,4,0,2000,0.018699739063967748,-0.19185088293836083,-10.259548664400109,0.21055062200232857,0.21055062200232857,0.17111855712868707,2.031630428795629,0.0030238505737984534,0.6844742285147483,True,0.014361632110329321
core_seed73,two_tower_cross_gram,2.0,0.25,4,0,2000,0.018699739063967748,0.01790034459619589,0.9572510362290456,0.0007993944677718579,0.0007993944677718587,0.00021045104348360995,0.5084986555260491,0.0005124825086109052,0.0008418041739344398,True,0.6410883853616617
core_seed73,shared_unit_gram,2.0,0.25,4,1,2000,0.018699739063967748,-0.15117381200690921,-8.084273876217011,0.16987355107087695,0.16987355107087693,0.1491975119488675,2.016166082368944,0.0027987688919208745,0.59679004779547,True,0.016475601259157372
core_seed73,two_tower_cross_gram,2.0,0.25,4,1,2000,0.018699739063967748,0.01749356954318046,0.935498056060502,0.0012061695207872883,0.0012061695207872868,0.00031532472970338877,0.5084986555260491,0.0007678669862144622,0.001261298918813555,True,0.636616141413739
core_seed73,shared_unit_gram,2.0,0.25,4,2,2000,0.018699739063967748,-0.15985107339338356,-8.548305024287652,0.1785508124573513,0.1785508124573513,0.15446760051091307,2.008870066061812,0.002980385734047808,0.6178704020436523,True,0.016692087216123443
core_seed73,two_tower_cross_gram,2.0,0.25,4,2,2000,0.018699739063967748,0.017679575052288357,0.9454450135272139,0.0010201640116793906,0.0010201640116793943,0.00026535462124711666,0.5084986555260491,0.0006461816473664095,0.0010614184849884667,True,0.6334095694109689
core_seed73,shared_unit_gram,2.0,0.25,8,0,2000,0.018699739063967748,-0.08174276372918195,-4.3713317843397546,0.1004425027931497,0.10044250279314967,0.0810539085246498,1.7825515523639655,0.003714286521381164,0.3242156340985992,True,0.03697923108338239
core_seed73,two_tower_cross_gram,2.0,0.25,8,0,2000,0.018699739063967748,0.018684071957565745,0.999162175132583,1.566710640200225e-05,1.566710640200174e-05,4.202629193003998e-06,0.5084986555260491,1.0234085400293347e-05,1.681051677201599e-05,True,0.653221158885181
core_seed73,shared_unit_gram,2.0,0.25,8,1,2000,0.018699739063967748,-0.06407500449919319,-3.4265186417846,0.08277474356316095,0.08277474356316095,0.06758768193447881,1.7672924529431229,0.0032809238846243935,0.27035072773791524,True,0.03963677497980887
core_seed73,two_tower_cross_gram,2.0,0.25,8,1,2000,0.018699739063967748,0.0186731970503028,0.9985806211747579,2.654201366494857e-05,2.65420136649516e-05,7.0582842847737045e-06,0.5084986555260491,1.718806985640568e-05,2.8233137139094818e-05,True,0.6475797229772462
core_seed73,shared_unit_gram,2.0,0.25,8,2,2000,0.018699739063967748,-0.06839927121714791,-3.6577660780810284,0.08709901028111566,0.08709901028111565,0.07036367312458548,1.7841246163203455,0.0032052905564031496,0.28145469249834193,True,0.036800539363856626
core_seed73,two_tower_cross_gram,2.0,0.25,8,2,2000,0.018699739063967748,0.01868687860156761,0.9993122651414469,1.2860462400138967e-05,1.2860462400141372e-05,3.4601776221256466e-06,0.5084986555260491,8.426095108263848e-06,1.3840710488502586e-05,True,0.6551937905570797
core_seed73,shared_unit_gram,2.0,0.75,2,0,2000,0.018699739063967748,-0.05717379784439636,-3.057465007870816,0.0758735369083641,0.07587353690836415,0.02266556287569589,0.5610972672284646,0.04979860462519447,0.09066225150278356,True,0.6563369345143155
core_seed73,two_tower_cross_gram,2.0,0.75,2,0,2000,0.018699739063967748,-0.15127012175797208,-8.089424202151156,0.16996986082193982,0.16996986082193982,0.27260462614070025,2.8236972214655234,0.00021396019810873576,1.090418504562801,True,0.0012588125746180387
core_seed73,shared_unit_gram,2.0,0.75,2,1,2000,0.018699739063967748,-0.10190578904202727,-5.449583477792374,0.12060552810599501,0.12060552810599501,0.034873981753543754,0.5084986555260491,0.0849238158122934,0.13949592701417501,True,0.7041453003518836
core_seed73,two_tower_cross_gram,2.0,0.75,2,1,2000,0.018699739063967748,-0.03867454757490454,-2.0681864833839287,0.057374286638872285,0.057374286638872285,0.07418401581552309,2.623873016743186,0.00012860075628505803,0.29673606326209234,True,0.002241435385410584
core_seed73,shared_unit_gram,2.0,0.75,2,2,2000,0.018699739063967748,-0.10960428176290876,-5.86127332515049,0.1283040208268765,0.12830402082687653,0.03702414293891161,0.5084986555260491,0.09015980789840979,0.14809657175564644,True,0.7027044617725927
core_seed73,two_tower_cross_gram,2.0,0.75,2,2,2000,0.018699739063967748,-0.17019479569697069,-9.101452972941026,0.18889453476093843,0.18889453476093843,0.2862707475150428,2.607742459172389,0.0005289734062852893,1.1450829900601711,True,0.0028003637424171574
core_seed73,shared_unit_gram,2.0,0.75,4,0,2000,0.018699739063967748,-0.010305279341388404,-0.5510921465875155,0.029005018405356152,0.02900501840535616,0.008445961120251467,0.5734598049669428,0.01809151809678085,0.03378384448100587,True,0.6237375147964057
core_seed73,two_tower_cross_gram,2.0,0.75,4,0,2000,0.018699739063967748,0.018408186001501382,0.984408709583111,0.00029155306246636536,0.0002915530624663681,8.121619880055703e-05,0.5084986555260491,0.00019777464921143524,0.00032486479520222813,True,0.6783487284900369
core_seed73,shared_unit_gram,2.0,0.75,4,1,2000,0.018699739063967748,-0.011215849160760447,-0.599786399285758,0.029915588224728194,0.029915588224728187,0.008567539001750325,0.5684151262645297,0.018544041907420643,0.0342701560070013,True,0.6198788995261059
core_seed73,two_tower_cross_gram,2.0,0.75,4,1,2000,0.018699739063967748,0.01851238314441981,0.9899808270635738,0.00018735591954793795,0.00018735591954794197,5.357186213269109e-05,0.5084986555260491,0.0001304561946677032,0.00021428744853076436,True,0.6963014298265816
core_seed73,shared_unit_gram,2.0,0.75,4,2,2000,0.018699739063967748,-0.010305279341388349,-0.5510921465875126,0.029005018405356096,0.02900501840535611,0.008445961120251453,0.5734598049669427,0.01809151809678082,0.03378384448100581,True,0.6237375147964058
core_seed73,two_tower_cross_gram,2.0,0.75,4,2,2000,0.018699739063967748,0.018490938461576345,0.9888340365778826,0.0002088006023914027,0.00020880060239140063,5.8486939209809753e-05,0.5084986555260491,0.00014242520650438673,0.00023394775683923901,True,0.68211109006959
core_seed73,shared_unit_gram,2.0,0.75,8,0,2000,0.018699739063967748,0.005081598773302276,0.27174704181268144,0.013618140290665472,0.01361814029066548,0.004124163131046287,0.599940873962519,0.0083540240536293,0.016496652524185147,True,0.6134482297377675
core_seed73,two_tower_cross_gram,2.0,0.75,8,0,2000,0.018699739063967748,0.01868439438084378,0.999179417259702,1.5344683123967584e-05,1.534468312396713e-05,4.1469851017523934e-06,0.5084986555260491,1.0098582990792503e-05,1.6587940407009574e-05,True,0.6581160985344201
core_seed73,shared_unit_gram,2.0,0.75,8,1,2000,0.018699739063967748,0.0050815987850020075,0.27174704243834424,0.01361814027896574,0.013618140278965747,0.004124158095481814,0.5999724294355429,0.008353447608178846,0.016496632381927254,True,0.613405901030509
core_seed73,two_tower_cross_gram,2.0,0.75,8,1,2000,0.018699739063967748,0.018688666938736588,0.9994078994795978,1.1072125231159635e-05,1.1072125231163543e-05,2.98489394941936e-06,0.5084986555260491,7.268702087737952e-06,1.193957579767744e-05,True,0.6564866216724201
core_seed73,shared_unit_gram,2.0,0.75,8,2,2000,0.018699739063967748,0.005081598664480928,0.2717470359932768,0.01361814039948682,0.013618140399486826,0.004124174891529494,0.5998624971132518,0.00835545437394133,0.016496699566117975,True,0.6135532553516773
core_seed73,two_tower_cross_gram,2.0,0.75,8,2,2000,0.018699739063967748,0.01869137678012498,0.9995528128058814,8.362283842766605e-06,8.3622838427688e-06,2.338510565966976e-06,0.5084986555260491,5.694653452042396e-06,9.354042263867904e-06,True,0.6809926043072891
weak,shared_unit_gram,2.0,0.5,2,0,2000,0.0006212721767611265,-0.29920528358759935,-481.6009710066914,0.29982655576436046,0.29982655576436046,0.1292694320258508,1.0000000000000004,0.09120136697872175,0.5170777281034032,True,0.3041804177292377
weak,two_tower_cross_gram,2.0,0.5,2,0,2000,0.0006212721767611265,-0.23068991551960688,-371.3186010071477,0.23131118769636802,0.231311187696368,0.5232245591675657,2.9999997177262028,0.00020372020018195555,2.092898236670263,True,0.0008807191827200769
weak,shared_unit_gram,2.0,0.5,2,1,2000,0.0006212721767611265,-0.3182992231735249,-512.3345855159839,0.318920495350286,0.318920495350286,0.18421919056945238,1.9569642249660482,0.004340941600232782,0.7368767622778095,True,0.013611359769979391
weak,two_tower_cross_gram,2.0,0.5,2,1,2000,0.0006212721767611265,-0.25349793802254306,-408.03040519873576,0.25411921019930417,0.2541192101993042,0.5762211981908679,2.9999999983313197,0.00022435446632008832,2.3048847927634717,True,0.0008828709413354797
weak,shared_unit_gram,2.0,0.5,2,2,2000,0.0006212721767611265,-0.33581947228844655,-540.5351870723902,0.33644074446520766,0.33644074446520766,0.2163812269629454,1.9509959692429375,0.005217090429176429,0.8655249078517816,True,0.015506714079679323
weak,two_tower_cross_gram,2.0,0.5,2,2,2000,0.0006212721767611265,-0.1061156399062333,-170.8037859661528,0.10673691208299442,0.10673691208299443,0.24146759012189303,2.999999978501722,9.401656301651986e-05,0.9658703604875721,True,0.0008808252101523817
weak,shared_unit_gram,2.0,0.5,4,0,2000,0.0006212721767611265,-0.14621794495681303,-235.3524758167828,0.14683921713357417,0.14683921713357415,0.06328427000294307,1.0000000000000004,0.04464792520605133,0.25313708001177226,True,0.3040599512692632
weak,two_tower_cross_gram,2.0,0.5,4,0,2000,0.0006212721767611265,0.0005243512696350427,0.8439960604201514,9.692090712608379e-05,9.692090712608376e-05,2.4279792525787187e-05,0.12897950768122068,9.394966848426865e-05,9.711917010314875e-05,True,0.9693436769225666
weak,shared_unit_gram,2.0,0.5,4,1,2000,0.0006212721767611265,-0.15311518559390128,-246.45427772435505,0.15373645777066242,0.15373645777066242,0.06916018826031048,1.3464770119584615,0.015602723233576374,0.2766407530412419,True,0.10149006592081015
weak,two_tower_cross_gram,2.0,0.5,4,1,2000,0.0006212721767611265,0.0005673157914534851,0.9131517757821832,5.395638530764145e-05,5.39563853076413e-05,1.349828683652757e-05,0.1348423174494775,5.207067370161528e-05,5.399314734611028e-05,True,0.9650511872640382
weak,shared_unit_gram,2.0,0.5,4,2,2000,0.0006212721767611265,-0.14289865366618368,-230.00974292967075,0.14351992584294482,0.14351992584294482,0.062134466872893826,1.0000000000000004,0.043836723241491495,0.2485378674915753,True,0.3054399797381614
weak,two_tower_cross_gram,2.0,0.5,4,2,2000,0.0006212721767611265,0.0005641949373996851,0.9081284475686617,5.707723936144147e-05,5.707723936144207e-05,1.4277601766807236e-05,0.130561944213599,5.520148968685674e-05,5.7110407067228944e-05,True,0.9671366433350683
weak,shared_unit_gram,2.0,0.5,8,0,2000,0.0006212721767611265,-0.07316156813449484,-117.76089590219134,0.07378284031125597,0.07378284031125597,0.032450066994259105,1.0904236174920792,0.01726790594742098,0.12980026797703642,True,0.23403688275723192
weak,two_tower_cross_gram,2.0,0.5,8,0,2000,0.0006212721767611265,0.0006145660025007622,0.9892057386259826,6.706174260364371e-06,6.706174260363621e-06,1.678670787139828e-06,0.12897950768122068,6.495548253903374e-06,6.714683148559312e-06,True,0.9685922258677553
weak,shared_unit_gram,2.0,0.5,8,1,2000,0.0006212721767611265,-0.07342119950992407,-118.1787986912439,0.0740424716866852,0.0740424716866852,0.03238970832608819,1.033829553319636,0.020594196472547732,0.12955883330435275,True,0.2781403160025939
weak,two_tower_cross_gram,2.0,0.5,8,1,2000,0.0006212721767611265,0.0006185331615209905,0.9955912797279682,2.7390152401360595e-06,2.7390152401363263e-06,6.860743307764719e-07,0.1331781692216112,2.64893209386542e-06,2.7442973231058874e-06,True,0.9671111190070761
weak,shared_unit_gram,2.0,0.5,8,2,2000,0.0006212721767611265,-0.07492093062658337,-120.59276663115364,0.07554220280334449,0.0755422028033445,0.03287162419599675,1.0643704659093873,0.018997658368207358,0.131486496783987,True,0.2514840402213724
weak,two_tower_cross_gram,2.0,0.5,8,2,2000,0.0006212721767611265,0.0006174511165633862,0.9938496196342469,3.8210601977403365e-06,3.821060197739896e-06,9.56727610450087e-07,0.1323023577174005,3.695632184300843e-06,3.826910441800348e-06,True,0.9671745518393905
weak,shared_unit_gram,1.0,0.5,2,0,2000,0.0006212721767611265,-0.10778550126701272,-173.4915956303243,0.10840677344377385,0.10840677344377389,0.12685986422093284,0.5000000000000002,0.07846283067478604,0.12685986422093284,True,0.7237816252826812
weak,two_tower_cross_gram,1.0,0.5,2,0,2000,0.0006212721767611265,-0.09975331771119132,-160.56298904488935,0.10037458988795245,0.10037458988795243,0.27373030198099446,1.4999990589958156,0.00893866317713732,0.27373030198099446,True,0.08905304805843288
weak,shared_unit_gram,1.0,0.5,2,1,2000,0.0006212721767611265,-0.10395172450857351,-167.32074668224197,0.10457299668533464,0.10457299668533462,0.12256367775557982,0.5000000000000002,0.07580563918834995,0.12256367775557982,True,0.7249064442176493
weak,two_tower_cross_gram,1.0,0.5,2,1,2000,0.0006212721767611265,-0.11291489566940595,-181.7478713726797,0.11353616784616707,0.11353616784616709,0.3113889612628773,1.4999998577468951,0.010168377312313287,0.3113889612628773,True,0.0895606880627737
weak,shared_unit_gram,1.0,0.5,2,2,2000,0.0006212721767611265,-0.11083263761128037,-178.39626778247708,0.1114539097880415,0.11145390978804157,0.13037865168649632,0.5000000000000002,0.08063920085133168,0.13037865168649632,True,0.7235206104899149
weak,two_tower_cross_gram,1.0,0.5,2,2,2000,0.0006212721767611265,-0.12189997505986223,-196.21025956025014,0.12252124723662336,0.12252124723662336,0.3362840613309499,1.4999998686846543,0.010981324034247661,0.3362840613309499,True,0.08962791582622076
weak,shared_unit_gram,1.0,0.5,4,0,2000,0.0006212721767611265,-0.04949737289660733,-79.67099565709123,0.050118645073368454,0.05011864507336844,0.057817038808429394,0.5,0.03575984062416156,0.057817038808429394,True,0.713503738415372
weak,two_tower_cross_gram,1.0,0.5,4,0,2000,0.0006212721767611265,0.0005791095671945179,0.9321350429912785,4.216260956660866e-05,4.2162609566608494e-05,4.2193355544203434e-05,0.13532207474436064,4.068054074215178e-05,4.2193355544203434e-05,True,0.9648487406332024
weak,shared_unit_gram,1.0,0.5,4,1,2000,0.0006212721767611265,-0.049322555177138544,-79.38960897021245,0.04994382735389967,0.04994382735389967,0.058491722605109826,0.5000000000000002,0.03617713257716066,0.058491722605109826,True,0.7243564318931979
weak,two_tower_cross_gram,1.0,0.5,4,1,2000,0.0006212721767611265,0.0005610227268914955,0.9030224559810016,6.024944986963109e-05,6.024944986963076e-05,6.028258858706317e-05,0.13464977401269962,5.814217114503359e-05,6.028258858706317e-05,True,0.965024100151001
weak,shared_unit_gram,1.0,0.5,4,2,2000,0.0006212721767611265,-0.050384540514204296,-81.09898108889027,0.05100581269096542,0.05100581269096545,0.05772998971711477,0.5000000000000002,0.03570600075798984,0.05772998971711477,True,0.7000378755716676
weak,two_tower_cross_gram,1.0,0.5,4,2,2000,0.0006212721767611265,0.0005600577476020549,0.9014692248440928,6.121442915907164e-05,6.121442915907151e-05,6.124798172451641e-05,0.13239226221571299,5.914413353333455e-05,6.124798172451641e-05,True,0.9661796139541344
weak,shared_unit_gram,1.0,0.5,8,0,2000,0.0006212721767611265,-0.02379364931708499,-38.298269594380095,0.024414921493846116,0.024414921493846106,0.027944895366771798,0.5000000000000002,0.017283918809569615,0.027944895366771798,True,0.7079244065530212
weak,two_tower_cross_gram,1.0,0.5,8,0,2000,0.0006212721767611265,0.0006189175284226555,0.9962099568811427,2.354648338471002e-06,2.35464833847086e-06,2.3602362299957244e-06,0.13285876067824842,2.27860219489261e-06,2.3602362299957244e-06,True,0.9677038212730429
weak,shared_unit_gram,1.0,0.5,8,1,2000,0.0006212721767611265,-0.02387245807745749,-38.425120213674454,0.024493730254218617,0.024493730254218603,0.027914893146298414,0.5000000000000002,0.017265362435106128,0.027914893146298414,True,0.7048890575633113
weak,two_tower_cross_gram,1.0,0.5,8,1,2000,0.0006212721767611265,0.0006207242533113671,0.9991180621469066,5.47923449759416e-07,5.479234497589697e-07,5.529865892172656e-07,0.1338415919253796,5.335821617034428e-07,5.529865892172656e-07,True,0.9738261100847752
weak,shared_unit_gram,1.0,0.5,8,2,2000,0.0006212721767611265,-0.023794730165450778,-38.300009328439046,0.024416002342211904,0.024416002342211907,0.02785563818688398,0.5000000000000002,0.0172287132405344,0.02785563818688398,True,0.705632027678353
weak,two_tower_cross_gram,1.0,0.5,8,2,2000,0.0006212721767611265,0.0006197313045181619,0.9975198112830391,1.5408722429646662e-06,1.5408722429648123e-06,1.5448598383913521e-06,0.13245760926660033,1.4917430701076295e-06,1.5448598383913521e-06,True,0.9681159985317723
weak,shared_unit_gram,3.0,0.5,2,0,2000,0.0006212721767611265,-0.6367975692882553,-1024.9896794156582,0.6374188414650164,0.6374188414650164,0.7199740885950097,4.4999988112894425,1.5782157657653054e-06,6.4797667973550865,True,2.4759477804860635e-06
weak,two_tower_cross_gram,3.0,0.5,2,0,2000,0.0006212721767611265,-0.32422076710275793,-521.865905524718,0.32484203927951905,0.324842039279519,0.7275513067818888,4.499999791785907,1.59481911741279e-06,6.547961761037,True,4.909521935492115e-06
weak,shared_unit_gram,3.0,0.5,2,1,2000,0.0006212721767611265,-0.6292380985176926,-1012.8219515609001,0.6298593706944537,0.6298593706944539,0.7135779576962848,4.499996197260599,1.564211509000107e-06,6.422201619266564,True,2.483429765084673e-06
weak,two_tower_cross_gram,3.0,0.5,2,1,2000,0.0006212721767611265,-0.3377777118020956,-543.6871703526617,0.3383989839788567,0.3383989839788567,0.7585532580810103,4.499999992787563,1.6627751938259235e-06,6.826979322729092,True,4.9136530325097384e-06
weak,shared_unit_gram,3.0,0.5,2,2,2000,0.0006212721767611265,-0.6366607749415156,-1024.7694951681474,0.6372820471182767,0.6372820471182767,0.7365071161463814,4.49999854389232,1.6144586363062236e-06,6.628564045317432,True,2.5333502545798016e-06
weak,two_tower_cross_gram,3.0,0.5,2,2,2000,0.0006212721767611265,-0.33111581556810943,-532.9641789115891,0.33173708774487054,0.3317370877448706,0.7468795585208303,4.499999998313048,1.637186001131114e-06,6.721916026687473,True,4.93519133558629e-06
weak,shared_unit_gram,3.0,0.5,4,0,2000,0.0006212721767611265,-0.2507330842708956,-403.5800952459201,0.2513543564476567,0.2513543564476567,0.09646186126601916,2.1980813262352816,0.0020090035422278526,0.8681567513941725,True,0.007992714232690126
weak,two_tower_cross_gram,3.0,0.5,4,0,2000,0.0006212721767611265,0.0005267728271735254,0.8478938006201181,9.449934958760111e-05,9.449934958760084e-05,1.0511609598498794e-05,0.12897950768122068,9.151705192389197e-05,9.460448638648914e-05,True,0.9684410773542462
weak,shared_unit_gram,3.0,0.5,4,1,2000,0.0006212721767611265,-0.23249308034287153,-374.22097598982447,0.23311435251963267,0.23311435251963264,0.0843372761301226,2.2075624381373604,0.0016926671320096369,0.7590354851711034,True,0.007261102174595115
weak,two_tower_cross_gram,3.0,0.5,4,1,2000,0.0006212721767611265,0.0005527230882526194,0.8896633535628883,6.854908850850716e-05,6.854908850850708e-05,7.620290713847479e-06,0.13396924862597437,6.617153869938116e-05,6.858261642462731e-05,True,0.9653160988591273
weak,shared_unit_gram,3.0,0.5,4,2,2000,0.0006212721767611265,-0.22276256225933572,-358.55872931677396,0.22338383443609686,0.22338383443609683,0.0833391763164848,2.2180800155849605,0.0016053229201465366,0.7500525868483632,True,0.007186388058021134
weak,two_tower_cross_gram,3.0,0.5,4,2,2000,0.0006212721767611265,0.0005688106930907866,0.9155579701897533,5.2461483670339956e-05,5.2461483670339536e-05,5.83202244792376e-06,0.13467545567072947,5.062383905843638e-05,5.248820203131384e-05,True,0.9649715470601049
weak,shared_unit_gram,3.0,0.5,8,0,2000,0.0006212721767611265,-0.12234214230324428,-196.92197217176155,0.1229634144800054,0.1229634144800054,0.038684888019544075,1.6927050946346474,0.005591401482136117,0.34816399217589666,True,0.04547207399681726
weak,two_tower_cross_gram,3.0,0.5,8,0,2000,0.0006212721767611265,0.0006200499571771731,0.9980327147590526,1.2222195839533927e-06,1.2222195839529552e-06,1.3647560211582844e-07,0.13402763639540705,1.1850623534791388e-06,1.228280419042456e-06,True,0.9695985639879333
weak,shared_unit_gram,3.0,0.5,8,1,2000,0.0006212721767611265,-0.10663806589852849,-171.64468309922376,0.10725933807528962,0.10725933807528962,0.0332085975636873,1.5000000000000007,0.00975980771052132,0.2988773780731857,True,0.09099261552099566
weak,two_tower_cross_gram,3.0,0.5,8,1,2000,0.0006212721767611265,0.0006188916736292354,0.9961683409929906,2.3805031318911447e-06,2.3805031318901426e-06,2.65234504857459e-07,0.13339242718923416,2.303896030953935e-06,2.387110543717131e-06,True,0.967818945536799
weak,shared_unit_gram,3.0,0.5,8,2,2000,0.0006212721767611265,-0.11164688382751055,-179.70687889092088,0.11226815600427167,0.11226815600427167,0.03542799024696323,1.6884690765887997,0.00520236145528171,0.31885191222266906,True,0.04633870939399562
weak,two_tower_cross_gram,3.0,0.5,8,2,2000,0.0006212721767611265,0.0006182665276581397,0.9951621057317324,3.00564910298679e-06,3.00564910298702e-06,3.3456279504185965e-07,0.13310672686718794,2.9065395939372686e-06,3.0110651553767367e-06,True,0.967025588931511
weak,shared_unit_gram,2.0,0.25,2,0,2000,0.0006212721767611265,-0.5225358577439456,-841.0739725510931,0.5231571299207067,0.5231571299207067,0.5301920142224736,2.209056088480562,0.004701861515840397,2.1207680568898946,True,0.008987474788985565
weak,two_tower_cross_gram,2.0,0.25,2,0,2000,0.0006212721767611265,-0.07033003420606276,-113.20325750416474,0.07095130638282389,0.07095130638282388,0.06474628082733673,1.8248181638501388,0.0025279619607518925,0.2589851233093469,True,0.035629533684863476
weak,shared_unit_gram,2.0,0.25,2,1,2000,0.0006212721767611265,-0.5169197020350148,-832.03420557133,0.5175409742117759,0.517540974211776,0.523144394492313,2.2286959675942697,0.004296725457964156,2.092577577969252,True,0.008302193781870401
weak,two_tower_cross_gram,2.0,0.25,2,1,2000,0.0006212721767611265,-0.10345382282779259,-166.51932389299583,0.10407509500455371,0.10407509500455375,0.0927751654136917,1.8059373999282125,0.0038912878251023044,0.3711006616547668,True,0.037389231544127294
weak,shared_unit_gram,2.0,0.25,2,2,2000,0.0006212721767611265,-0.49171597172186554,-791.4662689150585,0.49233724389862665,0.4923372438986266,0.4842818738738728,2.2448566934363834,0.003733992626412899,1.9371274954954911,True,0.007584217267101037
weak,two_tower_cross_gram,2.0,0.25,2,2,2000,0.0006212721767611265,-0.10169970843125406,-163.6959005012012,0.10232098060801519,0.10232098060801517,0.08953506411996653,1.7933549095878882,0.0039386668370335115,0.35814025647986614,True,0.03849324755909328
weak,shared_unit_gram,2.0,0.25,4,0,2000,0.0006212721767611265,-0.2385540990754594,-383.9767947103501,0.23917537125222055,0.23917537125222055,0.1867292508230073,1.9329322990958937,0.004825429195212771,0.7469170032920291,True,0.02017527628346044
weak,two_tower_cross_gram,2.0,0.25,4,0,2000,0.0006212721767611265,0.000570074229111139,0.9175917583869643,5.1197947649987566e-05,5.11979476499873e-05,1.280777333363229e-05,0.1352960491032973,4.939492799095543e-05,5.123109333452916e-05,True,0.9647833606269064
weak,shared_unit_gram,2.0,0.25,4,1,2000,0.0006212721767611265,-0.23869811726450282,-384.20860645797126,0.23931938944126396,0.23931938944126396,0.185638387426843,1.9739979957143263,0.004096993639089787,0.742553549707372,True,0.017119355220882804
weak,two_tower_cross_gram,2.0,0.25,4,1,2000,0.0006212721767611265,0.0005859770397940529,0.9431889302510255,3.529513696707361e-05,3.529513696707321e-05,8.830348744244744e-06,0.13481046284637221,3.40643272261259e-05,3.5321394976978976e-05,True,0.9651280644669005
weak,shared_unit_gram,2.0,0.25,4,2,2000,0.0006212721767611265,-0.2333873317633666,-375.6603635142378,0.23400860394012774,0.23400860394012774,0.18225262713659124,1.95868041476152,0.0042663653566599674,0.729010508546365,True,0.018231660224559684
weak,two_tower_cross_gram,2.0,0.25,4,2,2000,0.0006212721767611265,0.0005575705711433128,0.8974658643979379,6.37016056178137e-05,6.370160561781346e-05,1.5944467956175927e-05,0.12897950768122068,6.169646948382259e-05,6.377787182470371e-05,True,0.9685229891060957
weak,shared_unit_gram,2.0,0.25,8,0,2000,0.0006212721767611265,-0.1096220809694429,-176.44775521887178,0.11024335314620402,0.11024335314620404,0.07968026457801208,1.7178518159385028,0.004658611001070097,0.31872105831204833,True,0.042257522726942796
weak,two_tower_cross_gram,2.0,0.25,8,0,2000,0.0006212721767611265,0.0006159411847719068,0.9914192326831507,5.330991989219722e-06,5.330991989219263e-06,1.3342657704949233e-06,0.13190076608485746,5.155068068918326e-06,5.337063081979693e-06,True,0.9669997777792299
weak,shared_unit_gram,2.0,0.25,8,1,2000,0.0006212721767611265,-0.11147660995578826,-179.4328059836003,0.11209788213254938,0.11209788213254937,0.08026448669270256,1.6859386897850677,0.005288099429600079,0.32105794677081023,True,0.04717394592118343
weak,two_tower_cross_gram,2.0,0.25,8,1,2000,0.0006212721767611265,0.0006142681336157431,0.9887262887227662,7.004043145383441e-06,7.004043145383534e-06,1.7521137232875578e-06,0.12977714131337947,6.776950208191663e-06,7.008454893150231e-06,True,0.9675768791713595
weak,shared_unit_gram,2.0,0.25,8,2,2000,0.0006212721767611265,-0.11341179442065502,-182.54767984606016,0.11403306659741615,0.11403306659741615,0.08209277836998657,1.7550022493970734,0.00417406258563756,0.3283711134799463,True,0.036603966815816034
weak,two_tower_cross_gram,2.0,0.25,8,2,2000,0.0006212721767611265,0.0006147026752814401,0.989425727200701,6.569501479686442e-06,6.569501479686532e-06,1.6445432278917962e-06,0.13246289443579184,6.351978536428085e-06,6.578172911567185e-06,True,0.9668889726365144
weak,shared_unit_gram,2.0,0.75,2,0,2000,0.0006212721767611265,-0.10341368442134541,-166.45471709431956,0.10403495659810653,0.10403495659810662,0.030539482237467268,0.5000000000000004,0.075554683537132,0.12215792894986907,True,0.7262432360019566
weak,two_tower_cross_gram,2.0,0.75,2,0,2000,0.0006212721767611265,-0.5082057313349886,-818.0081940646588,0.5088270035117497,0.5088270035117498,1.0816252268419602,3.0193258830562897,0.00038995335409285374,4.326500907367841,True,0.0007663770818009447
weak,shared_unit_gram,2.0,0.75,2,1,2000,0.0006212721767611265,-0.10610306418448426,-170.78354407826623,0.10672433636124538,0.10672433636124534,0.031228520765093404,0.5000000000000004,0.07725936495559477,0.12491408306037362,True,0.7239151592761726
weak,two_tower_cross_gram,2.0,0.75,2,1,2000,0.0006212721767611265,-0.025605390107723846,-41.21444845834273,0.02622666228448497,0.02622666228448496,0.04442344168000681,2.6074283225592247,8.218808888598876e-05,0.17769376672002724,True,0.0031337609031023804
weak,shared_unit_gram,2.0,0.75,2,2,2000,0.0006212721767611265,-0.10649459041117038,-171.41374488450103,0.1071158625879315,0.10711586258793152,0.031334728989216895,0.5000000000000004,0.07752212411766224,0.12533891595686758,True,0.7237221663040267
weak,two_tower_cross_gram,2.0,0.75,2,2,2000,0.0006212721767611265,-0.16494280585187274,-265.49202108449117,0.16556407802863388,0.16556407802863388,0.27195549171951117,2.5619673054713257,0.0006022471581594344,1.0878219668780447,True,0.003637547258622594
weak,shared_unit_gram,2.0,0.75,4,0,2000,0.0006212721767611265,-0.050050618034764516,-80.5614993024362,0.05067189021152564,0.05067189021152564,0.014487790517943425,0.5000000000000004,0.03584279586746057,0.0579511620717737,True,0.7073506774236715
weak,two_tower_cross_gram,2.0,0.75,4,0,2000,0.0006212721767611265,0.0005046004055537596,0.8122050599213843,0.0001166717712073669,0.00011667177120736633,2.9301363917412856e-05,0.12897950768122068,0.00011338043450141045,0.00011720545566965143,True,0.97178977680808
weak,shared_unit_gram,2.0,0.75,4,1,2000,0.0006212721767611265,-0.04922519678827683,-79.23290085981667,0.04984646896503796,0.04984646896503794,0.014357522899317719,0.5000000000000009,0.03552051375986393,0.057430091597270874,True,0.7125983945779154
weak,two_tower_cross_gram,2.0,0.75,4,1,2000,0.0006212721767611265,0.0005462161872783697,0.8791898425678006,7.505598948275688e-05,7.505598948275645e-05,1.8797923161844118e-05,0.12897950768122068,7.273779820697837e-05,7.519169264737647e-05,True,0.9691138403243477
weak,shared_unit_gram,2.0,0.75,4,2,2000,0.0006212721767611265,-0.04937205343911211,-79.46928139692824,0.04999332561587323,0.04999332561587323,0.014531024567751238,0.5000000000000004,0.03594975691302965,0.058124098271004954,True,0.7190911280688107
weak,two_tower_cross_gram,2.0,0.75,4,2,2000,0.0006212721767611265,0.0005701495261306335,0.9177129565064214,5.1122650630493075e-05,5.112265063049262e-05,1.2785661545530294e-05,0.12897950768122068,4.947359670717319e-05,5.114264618212118e-05,True,0.9677431842249533
weak,shared_unit_gram,2.0,0.75,8,0,2000,0.0006212721767611265,-0.023863213319950116,-38.410239847462705,0.024484485496711242,0.024484485496711228,0.006979031937005469,0.5000000000000004,0.017266126036317376,0.027916127748021876,True,0.7051863939978058
weak,two_tower_cross_gram,2.0,0.75,8,0,2000,0.0006212721767611265,0.0006178088732604185,0.9944254649890113,3.4633035007080627e-06,3.463303500708085e-06,8.669911149350656e-07,0.13215189842009445,3.349264456617628e-06,3.4679644597402623e-06,True,0.9670721771663616
weak,shared_unit_gram,2.0,0.75,8,1,2000,0.0006212721767611265,-0.023778913888121825,-38.2745514407039,0.02440018606488295,0.024400186064882957,0.006980108327449866,0.5000000000000004,0.017268789026434774,0.027920433309799465,True,0.7077318582946476
weak,two_tower_cross_gram,2.0,0.75,8,1,2000,0.0006212721767611265,0.0006188260594282265,0.9960627283429102,2.4461173329000385e-06,2.4461173328998403e-06,6.124859717761819e-07,0.1311384978428558,2.3673439784962155e-06,2.4499438871047277e-06,True,0.9677965756816612
weak,shared_unit_gram,2.0,0.75,8,2,2000,0.0006212721767611265,-0.02377854013022803,-38.27394983981499,0.024399812306989156,0.024399812306989163,0.006980048780248147,0.5000000000000004,0.017268641706648984,0.02792019512099259,True,0.7077366616341758
weak,two_tower_cross_gram,2.0,0.75,8,2,2000,0.0006212721767611265,0.0006174568980759259,0.9938589255596624,3.815278685200679e-06,3.815278685200386e-06,9.55253757683778e-07,0.13301101813602378,3.6885598063438215e-06,3.821015030735112e-06,True,0.9667864684830507
moderate,shared_unit_gram,2.0,0.5,2,0,2000,0.04292765433972151,-0.2552578494140767,-5.946233339329779,0.2981855037537982,0.29818550375379826,0.20387519964809114,2.0994600241503787,0.002770284862477609,0.8155007985923646,True,0.009290474646161674
moderate,two_tower_cross_gram,2.0,0.5,2,0,2000,0.04292765433972151,-0.19895039444049012,-4.634550792503907,0.24187804878021163,0.24187804878021163,0.48780658335645544,2.999983725007851,0.0001899421175978792,1.9512263334258217,True,0.0007852805103884178
moderate,shared_unit_gram,2.0,0.5,2,1,2000,0.04292765433972151,-0.30115129216246717,-7.015321400494226,0.3440789465021887,0.34407894650218873,0.2844536755660517,2.9999628814420336,0.0001107697557521726,1.137814702264207,True,0.00032193122211698005
moderate,two_tower_cross_gram,2.0,0.5,2,1,2000,0.04292765433972151,-0.2911004193830552,-6.781186250693792,0.3340280737227767,0.3340280737227767,0.6842487610823771,2.999998880339054,0.00026641669765429995,2.7369950443295084,True,0.0007975877437038716
moderate,shared_unit_gram,2.0,0.5,2,2,2000,0.04292765433972151,-0.2988911968579697,-6.962672464994246,0.34181885119769123,0.34181885119769123,0.32184588835333666,2.9687145050321853,0.00014192685888227312,1.2873835534133466,True,0.00041521074213718423
moderate,two_tower_cross_gram,2.0,0.5,2,2,2000,0.04292765433972151,-0.08001483522108543,-1.8639461310385803,0.12294248956080694,0.12294248956080696,0.20477854420764235,2.9999946763147043,7.973318988374247e-05,0.8191141768305694,True,0.0006485405506963213
moderate,shared_unit_gram,2.0,0.5,4,0,2000,0.04292765433972151,-0.053298166104266215,-1.2415811421344942,0.09622582044398773,0.09622582044398775,0.04560109863291219,1.5041407204929005,0.005867727619461425,0.18240439453164875,True,0.06097872267950142
moderate,two_tower_cross_gram,2.0,0.5,4,0,2000,0.04292765433972151,0.039604543513992216,0.9225881106982736,0.0033231108257292946,0.003323110825729302,0.001293881400230722,1.109489044435141,0.000647749066744582,0.005175525600922888,True,0.194922499041971
moderate,shared_unit_gram,2.0,0.5,4,1,2000,0.04292765433972151,-0.05570377054223295,-1.297619713888945,0.09863142488195446,0.09863142488195446,0.050311203826929385,1.4885274780446478,0.006850015415507422,0.20124481530771754,True,0.06945063831031296
moderate,two_tower_cross_gram,2.0,0.5,4,1,2000,0.04292765433972151,0.041364209876449884,0.9635795505876278,0.0015634444632716266,0.0015634444632716324,0.0008795969264882314,1.109489044435141,0.0004403480010938843,0.0035183877059529254,True,0.2816524740331502
moderate,shared_unit_gram,2.0,0.5,4,2,2000,0.04292765433972151,-0.06468989777467288,-1.5069516089262414,0.10761755211439439,0.10761755211439443,0.04720913408366495,1.5673168856985764,0.0048250495729136875,0.1888365363346598,True,0.0448351544716869
moderate,two_tower_cross_gram,2.0,0.5,4,2,2000,0.04292765433972151,0.04133389049638122,0.9628732604225813,0.0015937638433402915,0.001593763843340296,0.0008839730761328892,1.109489044435141,0.00044253880996381333,0.0035358923045315568,True,0.2776689983356116
moderate,shared_unit_gram,2.0,0.5,8,0,2000,0.04292765433972151,-0.00709261221320813,-0.16522244977744438,0.05002026655292964,0.050020266552929654,0.02450589195119677,1.1905418795317195,0.009411538292711496,0.09802356780478708,True,0.18815450099116418
moderate,two_tower_cross_gram,2.0,0.5,8,0,2000,0.04292765433972151,0.04286109923773146,0.9984495984461823,6.655510199005121e-05,6.655510199005436e-05,2.666612921999424e-05,1.109489044435141,1.3349724567384321e-05,0.00010666451687997696,True,0.2005815357232848
moderate,shared_unit_gram,2.0,0.5,8,1,2000,0.04292765433972151,-0.00840132805964,-0.19570899432690744,0.05132898239936151,0.051328982399361525,0.025208744348531938,1.1813936590982712,0.009979780177428945,0.10083497739412775,True,0.1944277815558854
moderate,two_tower_cross_gram,2.0,0.5,8,1,2000,0.04292765433972151,0.04286506085323477,0.9985418843062939,6.259348648673946e-05,6.259348648674721e-05,2.4420175392015486e-05,1.109489044435141,1.2225344469049775e-05,9.768070156806195e-05,True,0.1953133649399724
moderate,shared_unit_gram,2.0,0.5,8,2,2000,0.04292765433972151,-0.00669795475669821,-0.15602890164209382,0.04962560909641972,0.04962560909641974,0.02427237094192932,1.1650838886131958,0.010140636536953518,0.09708948376771728,True,0.20434281254363731
moderate,two_tower_cross_gram,2.0,0.5,8,2,2000,0.04292765433972151,0.04286599815565517,0.9985637187725562,6.165618406633877e-05,6.165618406634671e-05,2.6067528495830486e-05,1.109489044435141,1.305005022291924e-05,0.00010427011398332194,True,0.211658415462074
moderate,shared_unit_gram,1.0,0.5,2,0,2000,0.04292765433972151,-0.023852376111923063,-0.555641263861281,0.06678003045164457,0.0667800304516446,0.0808365251518824,1.109489044435141,0.010117191520928756,0.0808365251518824,True,0.15150025318204394
moderate,two_tower_cross_gram,1.0,0.5,2,0,2000,0.04292765433972151,-0.05518777027428454,-1.285599484135302,0.09811542461400605,0.09811542461400607,0.26142260061997663,1.4975228898734436,0.008613613871608892,0.26142260061997663,True,0.08779061911514463
moderate,shared_unit_gram,1.0,0.5,2,1,2000,0.04292765433972151,-0.02385237611192309,-0.5556412638612817,0.0667800304516446,0.0667800304516446,0.08083652515188243,1.109489044435141,0.01011719152092876,0.08083652515188243,True,0.1515002531820439
moderate,two_tower_cross_gram,1.0,0.5,2,1,2000,0.04292765433972151,-0.2988328759670409,-6.96131387944314,0.3417605303067624,0.34176053030676246,0.8536076776237829,1.4999765152557156,0.027876834486739374,0.8536076776237829,True,0.08156832640011788
moderate,shared_unit_gram,1.0,0.5,2,2,2000,0.04292765433972151,-0.023852376111923063,-0.555641263861281,0.06678003045164457,0.06678003045164457,0.08083652515188239,1.109489044435141,0.010117191520928754,0.08083652515188239,True,0.1515002531820439
moderate,two_tower_cross_gram,1.0,0.5,2,2,2000,0.04292765433972151,-0.0653438609093094,-1.5221856845983286,0.1082715152490309,0.10827151524903092,0.24012262187831956,1.499985357196147,0.007841593363539342,0.24012262187831956,True,0.07242526665950146
moderate,shared_unit_gram,1.0,0.5,4,0,2000,0.04292765433972151,0.020613557483162966,0.48019296186162624,0.022314096856558545,0.02231409685655856,0.028301707123882452,1.109489044435141,0.0035421338411511963,0.028301707123882452,True,0.15873973586836407
moderate,two_tower_cross_gram,1.0,0.5,4,0,2000,0.04292765433972151,0.041496518393486684,0.9666616783924628,0.0014311359462348267,0.0014311359462348323,0.0025390764026973047,1.109489044435141,0.00031778112931121294,0.0025390764026973047,True,0.22204817798565035
moderate,shared_unit_gram,1.0,0.5,4,1,2000,0.04292765433972151,0.021143080811669546,0.4925282114030065,0.021784573528051965,0.02178457352805198,0.02814366654316628,1.109489044435141,0.0035223540841641155,0.02814366654316628,True,0.1616902933458112
moderate,two_tower_cross_gram,1.0,0.5,4,1,2000,0.04292765433972151,0.041401037652409996,0.9644374538792604,0.0015266166873115147,0.0015266166873115173,0.002780814716171878,1.109489044435141,0.0003480361756627645,0.002780814716171878,True,0.22797875757252598
moderate,shared_unit_gram,1.0,0.5,4,2,2000,0.04292765433972151,0.02061355748316295,0.4801929618616259,0.02231409685655856,0.02231409685655856,0.028301707123882455,1.109489044435141,0.0035421338411511967,0.028301707123882455,True,0.15873973586836398
moderate,two_tower_cross_gram,1.0,0.5,4,2,2000,0.04292765433972151,0.04039993396120173,0.941116736579272,0.002527720378519782,0.002527720378519783,0.005183123654205952,1.109489044435141,0.0006487000101467945,0.005183123654205952,True,0.256634402942413
moderate,shared_unit_gram,1.0,0.5,8,0,2000,0.04292765433972151,0.030006593008672616,0.6990037883553104,0.012921061331048894,0.01292106133104891,0.01789921922390081,1.109489044435141,0.0022401980864843905,0.01789921922390081,True,0.1733757025904108
moderate,two_tower_cross_gram,1.0,0.5,8,0,2000,0.04292765433972151,0.04263453247436103,0.9931717241515047,0.0002931218653604781,0.0002931218653604832,0.0007886667743412245,1.109489044435141,9.870652885204411e-05,0.0007886667743412245,True,0.33674229225668956
moderate,shared_unit_gram,1.0,0.5,8,1,2000,0.04292765433972151,0.03000659300867262,0.6990037883553105,0.01292106133104889,0.012921061331048905,0.017899219223900795,1.109489044435141,0.0022401980864843888,0.017899219223900795,True,0.1733757025904107
moderate,two_tower_cross_gram,1.0,0.5,8,1,2000,0.04292765433972151,0.04263455061632076,0.9931721467685799,0.0002931037234007519,0.0002931037234007578,0.0007890039317336794,1.109489044435141,9.874872618679784e-05,0.0007890039317336794,True,0.33690710251326855
moderate,shared_unit_gram,1.0,0.5,8,2,2000,0.04292765433972151,0.03000659300867261,0.6990037883553102,0.012921061331048901,0.012921061331048908,0.01789921922390081,1.109489044435141,0.0022401980864843905,0.01789921922390081,True,0.1733757025904107
moderate,two_tower_cross_gram,1.0,0.5,8,2,2000,0.04292765433972151,0.04263454629903615,0.9931720461974056,0.0002931080406853581,0.00029310804068536994,0.0007887801237735431,1.109489044435141,9.87207152351599e-05,0.0007887801237735431,True,0.33680657481905574
moderate,shared_unit_gram,3.0,0.5,2,0,2000,0.04292765433972151,-0.45371765352990256,-10.569355826881782,0.4966453078696241,0.4966453078696241,0.5680997509786441,4.4996438613858185,1.2470692442043532e-06,5.112897758807796,True,2.510985656048371e-06
moderate,two_tower_cross_gram,3.0,0.5,2,0,2000,0.04292765433972151,-0.3080489380193101,-7.176002107673246,0.3509765923590316,0.35097659235903167,0.7164071689801841,4.499999274959837,1.5703940047773735e-06,6.4476645208216565,True,4.474355381429364e-06
moderate,shared_unit_gram,3.0,0.5,2,1,2000,0.04292765433972151,-0.45250114035112365,-10.541017144102806,0.49542879469084516,0.4954287946908452,0.5507182647373293,4.499980407491017,1.2072881941821496e-06,4.956464382635964,True,2.4368551184747246e-06
moderate,two_tower_cross_gram,3.0,0.5,2,1,2000,0.04292765433972151,-0.3416023193703396,-7.957628354602422,0.3845299737100611,0.38452997371006103,0.7698938098703414,4.499999610267535,1.6876366603935664e-06,6.929044288833072,True,4.388829937262729e-06
moderate,shared_unit_gram,3.0,0.5,2,2,2000,0.04292765433972151,-0.6211867978382967,-14.470550683304038,0.6641144521780182,0.664114452178018,0.7791825414792971,4.499973057164166,1.7081792905807716e-06,7.012642873313674,True,2.5721158227752104e-06
moderate,two_tower_cross_gram,3.0,0.5,2,2,2000,0.04292765433972151,-0.31333402885664097,-7.2991183346980355,0.3562616831963625,0.3562616831963625,0.7441124676048311,4.49998487044789,1.6312191215902784e-06,6.697012208443479,True,4.578710533659022e-06
moderate,shared_unit_gram,3.0,0.5,4,0,2000,0.04292765433972151,-0.13300972712705242,-3.0984624986596767,0.17593738146677393,0.17593738146677393,0.08226355102053981,2.318259580648551,0.001070498315270636,0.7403719591848583,True,0.006084541592843937
moderate,two_tower_cross_gram,3.0,0.5,4,0,2000,0.04292765433972151,0.037654313633488125,0.8771574923590946,0.005273340706233386,0.005273340706233387,0.0007883080199036785,1.109489044435141,0.000887954656620655,0.007094772179133106,True,0.16838560337492373
moderate,shared_unit_gram,3.0,0.5,4,1,2000,0.04292765433972151,-0.16797858984583097,-3.9130623936840228,0.21090624418555248,0.21090624418555248,0.08886071266212704,2.8410904383833535,0.00014644875987272624,0.7997464139591434,True,0.0006943784923877484
moderate,two_tower_cross_gram,3.0,0.5,4,1,2000,0.04292765433972151,0.04141719186789431,0.9648137664389096,0.0015104624718271994,0.0015104624718272044,0.0003938156582380542,1.109489044435141,0.00044359620700717533,0.0035443409241424874,True,0.29368237561742205
moderate,shared_unit_gram,3.0,0.5,4,2,2000,0.04292765433972151,-0.12522478427089612,-2.917112201842904,0.16815243861061763,0.16815243861061763,0.07004950546105002,2.390220349889305,0.0006870865532173404,0.6304455491494502,True,0.004086093302568113
moderate,two_tower_cross_gram,3.0,0.5,4,2,2000,0.04292765433972151,0.016778777835510725,0.3908617438708992,0.026148876504210786,0.026148876504210796,0.043212604078464736,3.7900052238060966,1.6187240164242394e-06,0.3889134367061826,True,6.190415164351609e-05
moderate,shared_unit_gram,3.0,0.5,8,0,2000,0.04292765433972151,-0.038312773779596104,-0.8924963259440151,0.08124042811931761,0.08124042811931761,0.02968014991091972,1.9681157818211044,0.0015075630675325095,0.2671213491982775,True,0.01855680850571535
moderate,two_tower_cross_gram,3.0,0.5,8,0,2000,0.04292765433972151,0.042892132797972916,0.9991725254432147,3.5521541748594065e-05,3.552154174860266e-05,4.994586104412457e-06,1.109489044435141,5.6259303182628494e-06,4.495127493971211e-05,True,0.1583808033469021
moderate,shared_unit_gram,3.0,0.5,8,1,2000,0.04292765433972151,-0.03669370621530482,-0.8547801360148315,0.07962136055502633,0.07962136055502636,0.029775877079195018,1.8205099736153612,0.0026589242561770128,0.2679828937127552,True,0.03339460965803806
moderate,two_tower_cross_gram,3.0,0.5,8,1,2000,0.04292765433972151,0.04288555686234958,0.9990193389781147,4.2097477371931535e-05,4.209747737194285e-05,7.753089047466729e-06,1.109489044435141,8.733123790537953e-06,6.977780142720056e-05,True,0.2074500501153724
moderate,shared_unit_gram,3.0,0.5,8,2,2000,0.04292765433972151,-0.0402099939167173,-0.936692081950317,0.08313764825643881,0.08313764825643882,0.02979050454742514,1.9360062035680494,0.0017118373202563337,0.26811454092682624,True,0.02059039864798865
moderate,two_tower_cross_gram,3.0,0.5,8,2,2000,0.04292765433972151,0.04287729737186087,0.9988269340909679,5.0356967860640256e-05,5.0356967860640276e-05,7.770970764794622e-06,1.109489044435141,8.753265859080675e-06,6.99387368831516e-05,True,0.17382432324568844
moderate,shared_unit_gram,2.0,0.25,2,0,2000,0.04292765433972151,-0.40441249882727415,-9.420791912523999,0.44734015316699566,0.4473401531669957,0.43176154683666834,2.308185202734834,0.0025977755795302503,1.7270461873466734,True,0.005807159409096191
moderate,two_tower_cross_gram,2.0,0.25,2,0,2000,0.04292765433972151,-0.031485922940653076,-0.7334647891887898,0.0744135772803746,0.0744135772803746,0.042345249916774706,1.8270287293778942,0.0016395115311326014,0.16938099966709882,True,0.02203242460653745
moderate,shared_unit_gram,2.0,0.25,2,1,2000,0.04292765433972151,-0.435827395635223,-10.152602147468055,0.4787550499749445,0.47875504997494456,0.425535430168238,2.331629751666185,0.002335314596105388,1.702141720672952,True,0.004877890261894065
moderate,two_tower_cross_gram,2.0,0.25,2,1,2000,0.04292765433972151,-0.14001060182892175,-3.2615479224861383,0.18293825616864326,0.18293825616864323,0.1346503582948511,1.8330236297102134,0.005095954925445933,0.5386014331794045,True,0.027856146834307757
moderate,shared_unit_gram,2.0,0.25,2,2,2000,0.04292765433972151,-0.3384737662775394,-7.884748689013396,0.3814014206172609,0.3814014206172609,0.43545999993082535,2.2873427449187256,0.0028430800982342528,1.7418399997233014,True,0.007454298658964105
moderate,two_tower_cross_gram,2.0,0.25,2,2,2000,0.04292765433972151,-0.08847244822908096,-2.0609662836204925,0.13140010256880247,0.13140010256880247,0.08852113957152444,1.8331741031697721,0.0033482409060933294,0.35408455828609775,True,0.02548126554421946
moderate,shared_unit_gram,2.0,0.25,4,0,2000,0.04292765433972151,-0.1823603801739188,-4.248086297256135,0.22528803451364032,0.22528803451364032,0.17127497905132041,2.054565865092465,0.002769689934585201,0.6850999162052817,True,0.012293994843376855
moderate,two_tower_cross_gram,2.0,0.25,4,0,2000,0.04292765433972151,0.040167752283528015,0.9357080628176853,0.002759902056193496,0.0027599020561935054,0.0012771731359062925,1.109489044435141,0.0006393844959105462,0.00510869254362517,True,0.23166927046403823
moderate,shared_unit_gram,2.0,0.25,4,1,2000,0.04292765433972151,-0.11803114775060652,-2.749536390144448,0.16095880209032803,0.16095880209032803,0.14371029012821412,2.0204562739796263,0.002651545725219184,0.5748411605128565,True,0.016473443457482806
moderate,two_tower_cross_gram,2.0,0.25,4,1,2000,0.04292765433972151,0.04126271179580719,0.9612151521082827,0.001664942543914319,0.0016649425439143222,0.000993918089118956,1.109489044435141,0.0004975800058124024,0.003975672356475824,True,0.29885716334846013
moderate,shared_unit_gram,2.0,0.25,4,2,2000,0.04292765433972151,-0.13198489542097389,-3.0745890370917976,0.1749125497606954,0.17491254976069542,0.1562064161215494,2.292150558852316,0.00100082308096688,0.6248256644861976,True,0.005721848331272654
moderate,two_tower_cross_gram,2.0,0.25,4,2,2000,0.04292765433972151,0.041356687689856675,0.9634043211997446,0.0015709666498648356,0.001570966649864842,0.0009754480728158399,1.109489044435141,0.0004883334583151068,0.0039017922912633596,True,0.31084902939035813
moderate,shared_unit_gram,2.0,0.25,8,0,2000,0.04292765433972151,-0.036454597361411725,-0.8492100936360694,0.07938225170113324,0.07938225170113324,0.06756791374865773,1.8015750126569516,0.0028812450043508523,0.2702716549946309,True,0.03629583367323052
moderate,two_tower_cross_gram,2.0,0.25,8,0,2000,0.04292765433972151,0.042866984549873796,0.9985866968325923,6.066978984771432e-05,6.066978984771318e-05,2.34090383479634e-05,1.109489044435141,1.1719144228039416e-05,9.36361533918536e-05,True,0.19316276284218784
moderate,shared_unit_gram,2.0,0.25,8,1,2000,0.04292765433972151,-0.04164463579102197,-0.9701120741761017,0.08457229013074348,0.08457229013074347,0.06953834829112715,1.814424665676047,0.0028243011113966215,0.2781533931645086,True,0.03339511212278192
moderate,two_tower_cross_gram,2.0,0.25,8,1,2000,0.04292765433972151,0.042863791110004344,0.9985123056290995,6.386322971716624e-05,6.386322971717941e-05,3.1304292267692846e-05,1.109489044435141,1.5671703834587827e-05,0.00012521716907077138,True,0.2453947898343657
moderate,shared_unit_gram,2.0,0.25,8,2,2000,0.04292765433972151,-0.03694645766146887,-0.8606679826733937,0.07987411200119038,0.07987411200119036,0.068082099952476,1.7841562567247253,0.0031009866378336397,0.272328399809904,True,0.0388234255147328
moderate,two_tower_cross_gram,2.0,0.25,8,2,2000,0.04292765433972151,0.04285490741756642,0.9983053599532975,7.274692215509387e-05,7.274692215510073e-05,3.3492171661756435e-05,1.109489044435141,1.6767010433323754e-05,0.00013396868664702574,True,0.2304841213429907
moderate,shared_unit_gram,2.0,0.75,2,0,2000,0.04292765433972151,-0.024712156939375812,-0.5756698640882723,0.06763981127909732,0.06763981127909735,0.02052946255710411,1.109489044435141,0.0102775572859775,0.08211785022841644,True,0.1519453867718517
moderate,two_tower_cross_gram,2.0,0.75,2,0,2000,0.04292765433972151,-0.5153474603226649,-12.00502259555811,0.5582751146623863,0.5582751146623864,1.0897503406750402,3.230687746272233,0.0001692446972320927,4.359001362700161,True,0.00030315644166665476
moderate,shared_unit_gram,2.0,0.75,2,1,2000,0.04292765433972151,-0.024712156939375785,-0.5756698640882716,0.0676398112790973,0.06763981127909732,0.020529462557104104,1.109489044435141,0.010277557285977497,0.08211785022841642,True,0.1519453867718517
moderate,two_tower_cross_gram,2.0,0.75,2,1,2000,0.04292765433972151,-0.1325862927321346,-3.0885985915482643,0.1755139470718561,0.1755139470718561,0.23792672048867344,2.6690613946102806,0.0003448749926961479,0.9517068819546938,True,0.0019649435184484493
moderate,shared_unit_gram,2.0,0.75,2,2,2000,0.04292765433972151,-0.024712156939375896,-0.5756698640882741,0.0676398112790974,0.06763981127909735,0.02052946255710412,1.109489044435141,0.010277557285977505,0.08211785022841649,True,0.1519453867718516
moderate,two_tower_cross_gram,2.0,0.75,2,2,2000,0.04292765433972151,-0.09592716285851413,-2.234623911648289,0.13885481719823564,0.1388548171982356,0.17722892199805568,2.8066798237023587,0.0001488282135244718,0.7089156879922227,True,0.0010718260736463877
moderate,shared_unit_gram,2.0,0.75,4,0,2000,0.04292765433972151,0.020760778288150677,0.4836224715157675,0.022166876051570833,0.022166876051570847,0.006933398531256656,1.109489044435141,0.003471030982583806,0.027733594125026625,True,0.15658638477106632
moderate,two_tower_cross_gram,2.0,0.75,4,0,2000,0.04292765433972151,0.04160812575673693,0.9692615726789525,0.0013195285829845776,0.0013195285829845826,0.0006861322612041934,1.109489044435141,0.0003434947992753541,0.0027445290448167734,True,0.2603163006127687
moderate,shared_unit_gram,2.0,0.75,4,1,2000,0.04292765433972151,0.021244383540756293,0.4948880591665264,0.021683270798965218,0.02168327079896524,0.00689772102275479,1.109489044435141,0.003453169938417212,0.02759088409101916,True,0.1592550298537989
moderate,two_tower_cross_gram,2.0,0.75,4,1,2000,0.04292765433972151,0.04024920039715751,0.9376053971790023,0.0026784539425640033,0.0026784539425640116,0.001293205750424192,1.109489044435141,0.0006474108197216724,0.005172823001696768,True,0.24171064114021149
moderate,shared_unit_gram,2.0,0.75,4,2,2000,0.04292765433972151,0.020760778288150664,0.48362247151576715,0.022166876051570847,0.022166876051570854,0.006933398531256659,1.109489044435141,0.0034710309825838072,0.027733594125026635,True,0.1565863847710663
moderate,two_tower_cross_gram,2.0,0.75,4,2,2000,0.04292765433972151,0.04144485791294415,0.9654582471466346,0.001482796426777358,0.001482796426777371,0.0007750527841090318,1.109489044435141,0.0003880106148020156,0.003100211136436127,True,0.26167490546581645
moderate,shared_unit_gram,2.0,0.75,8,0,2000,0.04292765433972151,0.030218418908683715,0.7039382741377095,0.012709235431037795,0.012709235431037812,0.004323339409245465,1.109489044435141,0.0021643707584477635,0.01729335763698186,True,0.17029905301479084
moderate,two_tower_cross_gram,2.0,0.75,8,0,2000,0.04292765433972151,0.04272356873856493,0.9952458245320956,0.00020408560115658253,0.00020408560115659391,0.00011415479331642978,1.109489044435141,5.714871612031254e-05,0.0004566191732657191,True,0.28002326375032105
moderate,shared_unit_gram,2.0,0.75,8,1,2000,0.04292765433972151,0.030218418908683695,0.703938274137709,0.012709235431037816,0.012709235431037823,0.004323339409245469,1.109489044435141,0.0021643707584477656,0.017293357636981876,True,0.17029905301479073
moderate,two_tower_cross_gram,2.0,0.75,8,1,2000,0.04292765433972151,0.04272354422126254,0.9952452534013696,0.0002041101184589722,0.00020411011845898489,0.0001130457558669896,1.109489044435141,5.659350451225359e-05,0.0004521830234679584,True,0.27726947071283653
moderate,shared_unit_gram,2.0,0.75,8,2,2000,0.04292765433972151,0.030218418908683684,0.7039382741377088,0.012709235431037826,0.012709235431037825,0.00432333940924547,1.109489044435141,0.002164370758447766,0.01729335763698188,True,0.17029905301479062
moderate,two_tower_cross_gram,2.0,0.75,8,2,2000,0.04292765433972151,0.04272075169294637,0.9951802014352391,0.00020690264677514225,0.0002069026467751529,0.00011376338301901467,1.109489044435141,5.695276643371866e-05,0.0004550535320760587,True,0.27526359532565003
strong,shared_unit_gram,2.0,0.5,2,0,2000,0.15967281604015063,-0.08301857062174536,-0.5199292696188804,0.242691386661896,0.24269138666189605,0.24705302115953598,2.999731747742858,9.62940275107084e-05,0.9882120846381439,True,0.0003967756286499769
strong,two_tower_cross_gram,2.0,0.5,2,0,2000,0.15967281604015063,-0.06571154784329081,-0.4115387294651788,0.22538436388344144,0.22538436388344144,0.359729713975101,2.999868846733229,0.0001401356097887037,1.438918855900404,True,0.000621762785022547
strong,shared_unit_gram,2.0,0.5,2,1,2000,0.15967281604015063,0.017986019198458728,0.11264296355828059,0.1416867968416919,0.14168679684169194,0.22400105086200403,2.9971188495078227,8.822177466633724e-05,0.8960042034480161,True,0.0006226534626575568
strong,two_tower_cross_gram,2.0,0.5,2,1,2000,0.15967281604015063,-0.23335340504651308,-1.4614472947469972,0.39302622108666374,0.39302622108666374,0.6261395143676926,2.99999069072688,0.00024379943203419236,2.50455805747077,True,0.0006203134013810078
strong,shared_unit_gram,2.0,0.5,2,2,2000,0.15967281604015063,0.017986019198458797,0.11264296355828102,0.14168679684169183,0.1416867968416919,0.22400105086200395,2.9971188495078227,8.82217746663372e-05,0.8960042034480158,True,0.0006226534626575568
strong,two_tower_cross_gram,2.0,0.5,2,2,2000,0.15967281604015063,0.0801748248454357,0.502119439199189,0.07949799119471493,0.07949799119471496,0.32887875218655993,2.9999789597877617,0.00012806123076455894,1.3155150087462397,True,0.0016108737949226638
strong,shared_unit_gram,2.0,0.5,4,0,2000,0.15967281604015063,0.09649809780412569,0.6043489442802881,0.06317471823602494,0.06317471823602501,0.04585580587505959,2.8432840914655726,3.329682074680949e-05,0.18342322350023835,True,0.0005270592679560574
strong,two_tower_cross_gram,2.0,0.5,4,0,2000,0.15967281604015063,0.15429322698666903,0.9663086730296729,0.005379589053481598,0.00537958905348161,0.017128095754129446,2.8432840914655726,1.2437054003877448e-05,0.06851238301651778,True,0.002311896667242334
strong,shared_unit_gram,2.0,0.5,4,1,2000,0.15967281604015063,0.0968887842043824,0.6067957377292023,0.06278403183576822,0.06278403183576824,0.04697880366198655,2.8432840914655726,3.411225197295021e-05,0.1879152146479462,True,0.0005433268774802764
strong,two_tower_cross_gram,2.0,0.5,4,1,2000,0.15967281604015063,0.15551841684505593,0.9739818004208678,0.0041543991950946935,0.004154399195094716,0.01699846523755697,2.8432840914655726,1.2342926684746032e-05,0.06799386095022789,True,0.0029710497487386244
strong,shared_unit_gram,2.0,0.5,4,2,2000,0.15967281604015063,0.09757680828513385,0.6111046996290064,0.06209600775501678,0.06209600775501674,0.04460582592799012,2.8432840914655726,3.238918522628066e-05,0.17842330371196047,True,0.0005215985116799061
strong,two_tower_cross_gram,2.0,0.5,4,2,2000,0.15967281604015063,0.1541466169302631,0.9653904825696947,0.005526199109887525,0.005526199109887536,0.017868120528828108,2.8432840914655726,1.297440084145077e-05,0.07147248211531243,True,0.002347798293810452
strong,shared_unit_gram,2.0,0.5,8,0,2000,0.15967281604015063,0.10758575619452583,0.6737888067776846,0.0520870598456248,0.05208705984562479,0.03779528877414985,2.8432840914655726,2.7443917544827868e-05,0.1511811550965994,True,0.0005268855187097511
strong,two_tower_cross_gram,2.0,0.5,8,0,2000,0.15967281604015063,0.1592203389911868,0.9971662236554402,0.00045247704896383967,0.0004524770489638569,0.005916499824411198,2.8432840914655726,4.2960892376137635e-06,0.02366599929764479,True,0.009494601433269804
strong,shared_unit_gram,2.0,0.5,8,1,2000,0.15967281604015063,0.10758575619452584,0.6737888067776847,0.052087059845624784,0.05208705984562478,0.03779528877414984,2.8432840914655726,2.7443917544827858e-05,0.15118115509659935,True,0.000526885518709751
strong,two_tower_cross_gram,2.0,0.5,8,1,2000,0.15967281604015063,0.1593175295601496,0.9977749094128102,0.00035528648000102137,0.00035528648000102586,0.005951455870858826,2.8432840914655726,4.3214715243356475e-06,0.023805823483435302,True,0.01216334357649417
strong,shared_unit_gram,2.0,0.5,8,2,2000,0.15967281604015063,0.10758575619452583,0.6737888067776846,0.0520870598456248,0.0520870598456248,0.03779528877414985,2.8432840914655726,2.7443917544827868e-05,0.1511811550965994,True,0.0005268855187097511
strong,two_tower_cross_gram,2.0,0.5,8,2,2000,0.15967281604015063,0.15931902530183029,0.9977842769539971,0.000353790738320342,0.0003537907383203546,0.005829277880456441,2.8432840914655726,4.232755633991951e-06,0.023317111521825765,True,0.011964009160011916
strong,shared_unit_gram,1.0,0.5,2,0,2000,0.15967281604015063,0.1162168991851131,0.7278439878951575,0.043455916855037524,0.04345591685503752,0.1564858620364042,2.8432840914655726,2.8406881081933116e-05,0.1564858620364042,True,0.0006536942063998844
strong,two_tower_cross_gram,1.0,0.5,2,0,2000,0.15967281604015063,0.10127006542425468,0.6342348555986497,0.05840275061589595,0.058402750615895976,0.20904745044498657,2.8432840914655726,3.7948387081067804e-05,0.20904745044498657,True,0.0006497705447239515
strong,shared_unit_gram,1.0,0.5,2,1,2000,0.15967281604015063,0.11621689918511316,0.7278439878951578,0.04345591685503747,0.04345591685503748,0.1564858620364041,2.8432840914655726,2.8406881081933103e-05,0.1564858620364041,True,0.0006536942063998849
strong,two_tower_cross_gram,1.0,0.5,2,1,2000,0.15967281604015063,0.12416487005715088,0.7776205940147566,0.03550794598299975,0.03550794598299975,0.14075554719450076,2.8432840914655726,2.5551356772705966e-05,0.14075554719450076,True,0.0007195954613916352
strong,shared_unit_gram,1.0,0.5,2,2,2000,0.15967281604015063,0.11621689918511315,0.7278439878951578,0.04345591685503748,0.04345591685503749,0.15648586203640413,2.8432840914655726,2.8406881081933106e-05,0.15648586203640413,True,0.0006536942063998848
strong,two_tower_cross_gram,1.0,0.5,2,2,2000,0.15967281604015063,-0.0430592211157128,-0.26967158332627716,0.20273203715586344,0.2027320371558634,0.47928930609261855,2.8432840914655726,8.700539553437675e-05,0.47928930609261855,True,0.0004291645107254839
strong,shared_unit_gram,1.0,0.5,4,0,2000,0.15967281604015063,0.14385176213504455,0.9009157958288417,0.015821053905106075,0.01582105390510609,0.10410672556962319,2.8432840914655726,1.8898495586762638e-05,0.10410672556962319,True,0.001194515592963333
strong,two_tower_cross_gram,1.0,0.5,4,0,2000,0.15967281604015063,0.15185385495592285,0.9510313572583222,0.007818961084227777,0.007818961084227794,0.0933723095431345,2.8432840914655726,1.6949876870795036e-05,0.0933723095431345,True,0.0021677914352312005
strong,shared_unit_gram,1.0,0.5,4,1,2000,0.15967281604015063,0.14385176213504453,0.9009157958288416,0.015821053905106103,0.015821053905106092,0.1041067255696232,2.8432840914655726,1.889849558676264e-05,0.1041067255696232,True,0.0011945155929633312
strong,two_tower_cross_gram,1.0,0.5,4,1,2000,0.15967281604015063,0.15185385495592463,0.9510313572583333,0.007818961084226,0.007818961084226004,0.09337231718737837,2.8432840914655726,1.694987825845475e-05,0.09337231718737837,True,0.0021677916127053626
strong,shared_unit_gram,1.0,0.5,4,2,2000,0.15967281604015063,0.1432300411747411,0.8970220775634414,0.016442774865409515,0.016442774865409508,0.10336680258988591,2.8432840914655726,1.8764177356210303e-05,0.10336680258988591,True,0.0011411807015423107
strong,two_tower_cross_gram,1.0,0.5,4,2,2000,0.15967281604015063,0.15213098905364825,0.952766994573416,0.007541826986502381,0.007541826986502376,0.09340524252202201,2.8432840914655726,1.69558551949884e-05,0.09340524252202201,True,0.0022482423987363167
strong,shared_unit_gram,1.0,0.5,8,0,2000,0.15967281604015063,0.14436036188379037,0.9041010577999085,0.015312454156360261,0.015312454156360244,0.10336904615298934,2.8432840914655726,1.8764584630256978e-05,0.10336904615298934,True,0.0012254459303940395
strong,two_tower_cross_gram,1.0,0.5,8,0,2000,0.15967281604015063,0.15381646993041648,0.963322835690068,0.005856346109734151,0.0058563461097341655,0.0899373987025961,2.8432840914655726,1.632633745001645e-05,0.0899373987025961,True,0.0027878026920027076
strong,shared_unit_gram,1.0,0.5,8,1,2000,0.15967281604015063,0.1443603618837904,0.9041010577999086,0.015312454156360233,0.015312454156360254,0.10336904615298935,2.8432840914655726,1.876458463025698e-05,0.10336904615298935,True,0.001225445930394042
strong,two_tower_cross_gram,1.0,0.5,8,1,2000,0.15967281604015063,0.15381646992198772,0.9633228356372803,0.005856346118162908,0.0058563461181629145,0.08993737671159452,2.8432840914655726,1.6326333457989576e-05,0.08993737671159452,True,0.0027878020063320684
strong,shared_unit_gram,1.0,0.5,8,2,2000,0.15967281604015063,0.1443603618837904,0.9041010577999086,0.015312454156360233,0.01531245415636025,0.10336904615298934,2.8432840914655726,1.8764584630256978e-05,0.10336904615298934,True,0.0012254459303940417
strong,two_tower_cross_gram,1.0,0.5,8,2,2000,0.15967281604015063,0.15381646904559887,0.9633228301486263,0.005856346994551759,0.005856346994551742,0.08993732248926747,2.8432840914655726,1.6326323615009663e-05,0.08993732248926747,True,0.0027877999084067713
strong,shared_unit_gram,3.0,0.5,2,0,2000,0.15967281604015063,-0.11810809105967666,-0.7396881572501215,0.2777809070998273,0.2777809070998273,0.377517516065184,4.497563298986702,8.356347446878105e-07,3.397657644586656,True,3.0082511912436983e-06
strong,two_tower_cross_gram,3.0,0.5,2,0,2000,0.15967281604015063,-0.2776788359532848,-1.7390489053782385,0.4373516519934354,0.4373516519934354,0.742922092662851,4.499913718373008,1.629073087749932e-06,6.686298833965659,True,3.7248586585295077e-06
strong,shared_unit_gram,3.0,0.5,2,1,2000,0.15967281604015063,-0.16644948016010766,-1.0424409382136344,0.3261222962002583,0.3261222962002583,0.4264204931206006,4.499779544416433,9.355529884222188e-07,3.8377844380854054,True,2.8687182671120845e-06
strong,two_tower_cross_gram,3.0,0.5,2,1,2000,0.15967281604015063,-0.39499531045861636,-2.4737793210792534,0.554668126498767,0.554668126498767,0.8937688490115597,4.4999417571869955,1.95962879919834e-06,8.043919641104038,True,3.53297531547037e-06
strong,shared_unit_gram,3.0,0.5,2,2,2000,0.15967281604015063,-0.47359575766318673,-2.966038737264447,0.6332685737033373,0.6332685737033372,0.7241440737657845,4.499280814807696,1.5919208512134323e-06,6.51729666389206,True,2.5138162816195386e-06
strong,two_tower_cross_gram,3.0,0.5,2,2,2000,0.15967281604015063,-0.23928067667688313,-1.498568651890718,0.39895349271703373,0.3989534927170338,0.6826563151932308,4.4999863696133,1.4964879736731132e-06,6.1439068367390774,True,3.751033644251184e-06
strong,shared_unit_gram,3.0,0.5,4,0,2000,0.15967281604015063,0.05206461627311898,0.3260706334635386,0.10760819976703165,0.10760819976703169,0.06605825402634014,4.307894444563553,3.1217322662416373e-07,0.5945242862370612,True,2.901017090705066e-06
strong,two_tower_cross_gram,3.0,0.5,4,0,2000,0.15967281604015063,0.15504872292003807,0.9710401981076742,0.004624093120112555,0.00462409312011257,0.00740625197967393,2.8432840914655726,1.2100113381516642e-05,0.06665626781706536,True,0.0026167538298238497
strong,shared_unit_gram,3.0,0.5,4,1,2000,0.15967281604015063,0.05351321790145239,0.33514294560945296,0.10615959813869824,0.10615959813869827,0.05358786549655823,2.8432840914655726,8.75502548605382e-05,0.4822907894690241,True,0.000824704090779933
strong,two_tower_cross_gram,3.0,0.5,4,1,2000,0.15967281604015063,0.15496644460370732,0.9705249049076715,0.004706371436443313,0.004706371436443301,0.009364052124333196,3.189992503435454,3.848570682118914e-06,0.08427646911899876,True,0.000817736282418743
strong,shared_unit_gram,3.0,0.5,4,2,2000,0.15967281604015063,0.049570845419964066,0.3104526283766374,0.11010197062018656,0.11010197062018662,0.06576325279423428,4.33324330220692,2.808225202136994e-07,0.5918692751481085,True,2.550567611386714e-06
strong,two_tower_cross_gram,3.0,0.5,4,2,2000,0.15967281604015063,0.1547126743812977,0.968935591030062,0.004960141658852918,0.004960141658852918,0.007355400957338946,2.8432840914655726,1.2017034499309014e-05,0.06619860861605051,True,0.0024227200200746027
strong,shared_unit_gram,3.0,0.5,8,0,2000,0.15967281604015063,0.07378866202114022,0.4621241351601493,0.08588415401901041,0.08588415401901041,0.037393914954273,2.8432840914655726,6.109306191137919e-05,0.33654523458845703,True,0.0007113426523111152
strong,two_tower_cross_gram,3.0,0.5,8,0,2000,0.15967281604015063,0.1595660674106959,0.9993314539562709,0.00010674862945472818,0.00010674862945473981,0.0005434884507799007,2.8432840914655726,8.879352058274358e-07,0.004891396057019106,True,0.00831800099320251
strong,shared_unit_gram,3.0,0.5,8,1,2000,0.15967281604015063,0.07377405044872516,0.46203262570489306,0.08589876559142547,0.08589876559142547,0.03700620023348189,2.8432840914655726,6.045962517520942e-05,0.333055802101337,True,0.0007038474273633169
strong,two_tower_cross_gram,3.0,0.5,8,1,2000,0.15967281604015063,0.1594342496357081,0.9985059046971243,0.00023856640444253063,0.00023856640444253288,0.0005564675808844479,2.8432840914655726,9.091401211192042e-07,0.005008208227960031,True,0.0038108472282324694
strong,shared_unit_gram,3.0,0.5,8,2,2000,0.15967281604015063,0.07377405044885277,0.46203262570569226,0.08589876559129786,0.08589876559129782,0.03700620188451254,2.8432840914655726,6.0459627872614006e-05,0.33305581696061287,True,0.000703847458766497
strong,two_tower_cross_gram,3.0,0.5,8,2,2000,0.15967281604015063,0.1595921375413207,0.9994947261479397,8.067849882992251e-05,8.067849882992233e-05,0.0002610684467587989,2.8432840914655726,4.265258344959774e-07,0.00234961602082919,True,0.005286734888252346
strong,shared_unit_gram,2.0,0.25,2,0,2000,0.15967281604015063,-0.1608875681932619,-1.0076077580594922,0.3205603842334125,0.32056038423341254,0.3442827133965531,2.8432840914655726,0.00024999058626129354,1.3771308535862123,True,0.00077985489959753
strong,two_tower_cross_gram,2.0,0.25,2,0,2000,0.15967281604015063,-0.03235886906371076,-0.20265734560336143,0.19203168510386137,0.19203168510386137,0.13080371563783028,2.8432840914655726,9.497920251311725e-05,0.5232148625513211,True,0.0004946017239902219
strong,shared_unit_gram,2.0,0.25,2,1,2000,0.15967281604015063,-0.11499696635429954,-0.7202037842520602,0.27466978239445017,0.2746697823944501,0.29879551633127555,2.8432840914655726,0.0002169614197674362,1.1951820653251022,True,0.0007898991213232927
strong,two_tower_cross_gram,2.0,0.25,2,1,2000,0.15967281604015063,0.03395155883485915,0.21263205395163717,0.12572125720529148,0.12572125720529148,0.11478459069388688,2.8432840914655726,8.334739446611637e-05,0.45913836277554754,True,0.0006629538736636843
strong,shared_unit_gram,2.0,0.25,2,2,2000,0.15967281604015063,-0.0691562146940754,-0.43311201248361325,0.22882903073422603,0.22882903073422606,0.2988071736832695,2.8432840914655726,0.0002169698844046248,1.195228694733078,True,0.0009481746424763077
strong,two_tower_cross_gram,2.0,0.25,2,2,2000,0.15967281604015063,-0.017332141033672574,-0.10854785093358853,0.1770049570738232,0.17700495707382322,0.1438785886257907,2.8432840914655726,0.00010447313013819475,0.5755143545031628,True,0.0005902271431563485
strong,shared_unit_gram,2.0,0.25,4,0,2000,0.15967281604015063,0.047421415358577315,0.2969911631460983,0.11225140068157331,0.11225140068157337,0.12549146779730502,2.8432840914655726,9.112187276537425e-05,0.5019658711892201,True,0.0008117660199525012
strong,two_tower_cross_gram,2.0,0.25,4,0,2000,0.15967281604015063,0.15522345873525178,0.9721345347615087,0.004449357304898843,0.004449357304898866,0.018467379337480314,2.8432840914655726,1.3409534686595809e-05,0.07386951734992125,True,0.0030138138539315797
strong,shared_unit_gram,2.0,0.25,4,1,2000,0.15967281604015063,0.05140213491614082,0.3219216407081808,0.10827068112400981,0.10827068112400974,0.13337783726373864,2.8432840914655726,9.684832387567459e-05,0.5335113490549546,True,0.0008945018436223522
strong,two_tower_cross_gram,2.0,0.25,4,1,2000,0.15967281604015063,0.15504520407637531,0.9710181602696124,0.004627611963775313,0.004627611963775332,0.019909313489488076,2.8432840914655726,1.4456552006908967e-05,0.0796372539579523,True,0.003123976711978888
strong,shared_unit_gram,2.0,0.25,4,2,2000,0.15967281604015063,0.05356278512273013,0.335453375540527,0.1061100309174205,0.10611003091742052,0.13294499092706163,2.8432840914655726,9.653402546551218e-05,0.5317799637082465,True,0.000909754003753323
strong,two_tower_cross_gram,2.0,0.25,4,2,2000,0.15967281604015063,0.1551730346923996,0.9718187387224414,0.004499781347751031,0.00449978134775102,0.018879294849463463,2.8432840914655726,1.3708634804969104e-05,0.07551717939785385,True,0.0030465113181156267
strong,shared_unit_gram,2.0,0.25,8,0,2000,0.15967281604015063,0.07365819110548646,0.46130702102081483,0.08601462493466416,0.08601462493466418,0.08707204544216696,2.8432840914655726,6.322475930409359e-05,0.3482881817686678,True,0.0007350466197128509
strong,two_tower_cross_gram,2.0,0.25,8,0,2000,0.15967281604015063,0.15943741974329928,0.9985257584685413,0.00023539629685134789,0.00023539629685133853,0.0065372545430552155,2.8432840914655726,4.746831694321252e-06,0.026149018172220862,True,0.020165277694741572
strong,shared_unit_gram,2.0,0.25,8,1,2000,0.15967281604015063,0.07363845769501245,0.46118343448327265,0.08603435834513817,0.08603435834513816,0.08668100282487015,2.8432840914655726,6.294081541336859e-05,0.3467240112994806,True,0.0007315776699452236
strong,two_tower_cross_gram,2.0,0.25,8,1,2000,0.15967281604015063,0.15955126070835765,0.9992387224400024,0.0001215553317929774,0.00012155533179297623,0.0035206294893556315,2.8432840914655726,2.556399713973047e-06,0.014082517957422526,True,0.021030749340776655
strong,shared_unit_gram,2.0,0.25,8,2,2000,0.15967281604015063,0.07363845769501247,0.46118343448327276,0.08603435834513816,0.08603435834513817,0.08668100287550104,2.8432840914655726,6.29408154501327e-05,0.34672401150200416,True,0.0007315776703725427
strong,two_tower_cross_gram,2.0,0.25,8,2,2000,0.15967281604015063,0.15956503208095252,0.9993249698861013,0.00010778395919811001,0.00010778395919815449,0.003915644884400932,2.8432840914655726,2.843228318335382e-06,0.01566257953760373,True,0.02637895601060123
strong,shared_unit_gram,2.0,0.75,2,0,2000,0.15967281604015063,0.05090628439488897,0.3188162246859121,0.10876653164526165,0.10876653164526165,0.10059262450140863,2.8432840914655726,7.30423230506614e-05,0.4023704980056345,True,0.0006715514593118264
strong,two_tower_cross_gram,2.0,0.75,2,0,2000,0.15967281604015063,0.11077985854338261,0.6937928527265805,0.048892957496768016,0.04889295749676803,0.07824895321436356,2.8432840914655726,5.681813500133499e-05,0.31299581285745426,True,0.001162092413924661
strong,shared_unit_gram,2.0,0.75,2,1,2000,0.15967281604015063,0.0502622272252467,0.31478261905650856,0.10941058881490393,0.10941058881490394,0.11364574051105464,2.9397703036798535,5.6231356561620443e-05,0.45458296204421855,True,0.0005139480298086157
strong,two_tower_cross_gram,2.0,0.75,2,1,2000,0.15967281604015063,0.1227684629107585,0.7688751658258954,0.03690435312939212,0.036904353129392144,0.09839594834563095,3.0211087430605517,3.522334802153572e-05,0.3935837933825238,True,0.0009544496796363684
strong,shared_unit_gram,2.0,0.75,2,2,2000,0.15967281604015063,-0.23204535074011537,-1.453255203326321,0.391718166780266,0.39171816678026605,0.7370686102506764,3.4991168559926944,3.922050167442917e-05,2.9482744410027055,True,0.00010012428577618122
strong,two_tower_cross_gram,2.0,0.75,2,2,2000,0.15967281604015063,-0.021650577335010426,-0.13559338321913397,0.18132339337516107,0.18132339337516107,0.19821825602148435,3.1173375683070836,4.836727397071232e-05,0.7928730240859374,True,0.0002667459122091303
strong,shared_unit_gram,2.0,0.75,4,0,2000,0.15967281604015063,0.14405050416255638,0.9021604787525891,0.015622311877594247,0.01562231187759426,0.02266695319051265,2.8432840914655726,1.6458929526115113e-05,0.0906678127620506,True,0.0010535527427102999
strong,two_tower_cross_gram,2.0,0.75,4,0,2000,0.15967281604015063,0.153871648095098,0.9636684058757135,0.0058011679450526155,0.005801167945052608,0.019785805796142548,2.8432840914655726,1.4366870592577642e-05,0.07914322318457019,True,0.00247654795183616
strong,shared_unit_gram,2.0,0.75,4,1,2000,0.15967281604015063,0.14405050416255638,0.9021604787525891,0.015622311877594247,0.015622311877594247,0.022666953190512654,2.8432840914655726,1.6458929526115117e-05,0.09066781276205062,True,0.0010535527427103
strong,two_tower_cross_gram,2.0,0.75,4,1,2000,0.15967281604015063,0.1529981282562619,0.9581977198785652,0.006674687783888716,0.006674687783888722,0.020088766118901022,2.8432840914655726,1.4586856161859088e-05,0.08035506447560409,True,0.0021853990230177762
strong,shared_unit_gram,2.0,0.75,4,2,2000,0.15967281604015063,0.14468850739091202,0.9061561697172629,0.014984308649238609,0.014984308649238606,0.022924767592509485,2.8432840914655726,1.6646133736474514e-05,0.09169907037003794,True,0.0011109043550915074
strong,two_tower_cross_gram,2.0,0.75,4,2,2000,0.15967281604015063,0.153871648095098,0.9636684058757135,0.0058011679450526155,0.005801167945052612,0.019785805796141354,2.8432840914655726,1.4366870592576775e-05,0.07914322318456542,True,0.002476547951836011
strong,shared_unit_gram,2.0,0.75,8,0,2000,0.15967281604015063,0.14520163433087163,0.9093697846123029,0.014471181709278996,0.014471181709279017,0.0227538700225744,2.8432840914655726,1.6522041581869318e-05,0.0910154800902976,True,0.001141720276463345
strong,two_tower_cross_gram,2.0,0.75,8,0,2000,0.15967281604015063,0.15465509379814202,0.968574974961631,0.00501772224200861,0.0050177222420086055,0.019589983380531584,2.8432840914655726,1.4224680007407886e-05,0.07835993352212633,True,0.0028348878876391734
strong,shared_unit_gram,2.0,0.75,8,1,2000,0.15967281604015063,0.14520163433087163,0.9093697846123029,0.014471181709278996,0.014471181709279017,0.0227538700225744,2.8432840914655726,1.6522041581869318e-05,0.0910154800902976,True,0.001141720276463345
strong,two_tower_cross_gram,2.0,0.75,8,1,2000,0.15967281604015063,0.15465508219338675,0.9685749022832907,0.005017733846763878,0.005017733846763895,0.019588332938622045,2.8432840914655726,1.4223481588421102e-05,0.07835333175448818,True,0.002834642494558445
strong,shared_unit_gram,2.0,0.75,8,2,2000,0.15967281604015063,0.14520163433087166,0.909369784612303,0.014471181709278969,0.014471181709279005,0.022753870022574396,2.8432840914655726,1.6522041581869314e-05,0.09101548009029758,True,0.001141720276463347
strong,two_tower_cross_gram,2.0,0.75,8,2,2000,0.15967281604015063,0.1546550925611559,0.968574967214626,0.0050177234789947345,0.005017723478994741,0.019590515978748446,2.8432840914655726,1.4225066737659781e-05,0.07836206391499378,True,0.0028349642616236144
