block,fixture,case,mode,strength,n,repeats,method,method_label,rejection_rate,wilson95,null_flag,vs_A1_method_only,vs_A1_A1_only,Jcommon_eval,fit_seconds,perm_seconds,source
A,"F-SOLVER-P116 (P5_simclr_seed0, 2 views, 200 epochs)",colour_s0.2,planted,0.2,2000,100,A1,VCS (ridge-tanh two-stage),0.97,"[0.915479219195973, 0.9897456617765852]",False,,,0.0006928192399861103,0.034684830168262126,0.0022335257334634663,reports/P142/A_simclr_colour.json
A,"F-SOLVER-P116 (P5_simclr_seed0, 2 views, 200 epochs)",colour_s0.2,planted,0.2,2000,100,A3@50,"matched logistic, 50 closures",0.94,"[0.8752303146877749, 0.9722142547333434]",False,1,4,-0.002932754649439664,0.0623828933108598,0.0026632499881088733,reports/P142/A_simclr_colour.json
A,"F-SOLVER-P116 (P5_simclr_seed0, 2 views, 200 epochs)",colour_s0.2,planted,0.2,2000,100,A3@200,"matched logistic, 200",0.94,"[0.8752303146877749, 0.9722142547333434]",False,1,4,-0.0028901068101091615,0.36275955616962163,0.0023643839126452804,reports/P142/A_simclr_colour.json
A,"F-SOLVER-P116 (P5_simclr_seed0, 2 views, 200 epochs)",colour_s0.2,planted,0.2,2000,100,A3@800,"matched logistic, 800",0.94,"[0.8752303146877749, 0.9722142547333434]",False,1,4,-0.002890106507596008,1.5107570627331735,0.0023626424511894585,reports/P142/A_simclr_colour.json
A,"F-SOLVER-P116 (P5_simclr_seed0, 2 views, 200 epochs)",colour_s0.2,planted,0.2,2000,100,K1,"same-target kernel (RFF, A1 solver)",0.8,"[0.7111690380734976, 0.8666340774409013]",False,1,18,-0.0009505118760184985,0.27917169898748395,0.0017261473555117846,reports/P142/A_simclr_colour.json
A,"F-SOLVER-P116 (P5_simclr_seed0, 2 views, 200 epochs)",colour_s0.2,planted,0.2,2000,100,H1,"conditional HSIC, class-wise median kernel",0.34,"[0.25461379497543, 0.43722454341689065]",False,1,64,,nan,1.0140018889866769,reports/P142/A_simclr_colour.json
A,"F-SOLVER-P116 (P5_simclr_seed0, 2 views, 200 epochs)",colour_s0.2,planted,0.2,2000,100,H2,"conditional HSIC, deep kernel",0.41,"[0.31867157095664655, 0.5079874943890338]",False,0,56,,73.81435941283125,1.0080639487691223,reports/P142/A_simclr_colour.json
A,"F-SOLVER-P116 (P5_simclr_seed0, 2 views, 200 epochs)",blur_s0.5,planted,0.5,1000,100,A1,VCS (ridge-tanh two-stage),0.75,"[0.6569535362992417, 0.8245490599627574]",False,,,-0.00020656166807377815,0.1459159067692235,0.0013879258092492819,reports/P142/A_simclr_blur.json
A,"F-SOLVER-P116 (P5_simclr_seed0, 2 views, 200 epochs)",blur_s0.5,planted,0.5,1000,100,A3@50,"matched logistic, 50 closures",0.82,"[0.7333246397578691, 0.8829986834574897]",False,11,4,-0.007019291825754848,0.06298400384839624,0.0017295133322477341,reports/P142/A_simclr_blur.json
A,"F-SOLVER-P116 (P5_simclr_seed0, 2 views, 200 epochs)",blur_s0.5,planted,0.5,1000,100,A3@200,"matched logistic, 200",0.82,"[0.7333246397578691, 0.8829986834574897]",False,11,4,-0.007011049831833335,0.3694943844340742,0.001625388851389289,reports/P142/A_simclr_blur.json
A,"F-SOLVER-P116 (P5_simclr_seed0, 2 views, 200 epochs)",blur_s0.5,planted,0.5,1000,100,A3@800,"matched logistic, 800",0.82,"[0.7333246397578691, 0.8829986834574897]",False,11,4,-0.007011049831833335,1.6499718514224515,0.0015980145568028092,reports/P142/A_simclr_blur.json
A,"F-SOLVER-P116 (P5_simclr_seed0, 2 views, 200 epochs)",blur_s0.5,planted,0.5,1000,100,K1,"same-target kernel (RFF, A1 solver)",0.59,"[0.4920125056109662, 0.6813284290433533]",False,4,20,-0.0017611166025387568,0.2435207104217261,0.001142435926012695,reports/P142/A_simclr_blur.json
A,"F-SOLVER-P116 (P5_simclr_seed0, 2 views, 200 epochs)",blur_s0.5,planted,0.5,1000,100,H1,"conditional HSIC, class-wise median kernel",0.19,"[0.12514653992704258, 0.2777902407080786]",False,7,63,,nan,0.599269715254195,reports/P142/A_simclr_blur.json
A,"F-SOLVER-P116 (P5_simclr_seed0, 2 views, 200 epochs)",blur_s0.5,planted,0.5,1000,100,H2,"conditional HSIC, deep kernel",0.15,"[0.09305903191162297, 0.23283733332157835]",False,5,65,,42.229826644584534,0.6019585966737941,reports/P142/A_simclr_blur.json
A,"F-SOLVER-P116 (P5_simclr_seed0, 2 views, 200 epochs)",blur_s0.5,planted,0.5,2000,100,A1,VCS (ridge-tanh two-stage),0.99,"[0.9455124752390653, 0.9982326134344527]",False,,,0.0013582263240341475,0.18528525323607029,0.003779247608035803,reports/P142/A_simclr_blur.json
A,"F-SOLVER-P116 (P5_simclr_seed0, 2 views, 200 epochs)",blur_s0.5,planted,0.5,2000,100,A3@50,"matched logistic, 50 closures",1.0,"[0.963005192523998, 0.9999999999999998]",False,1,0,-0.0008075795248013188,0.09544703073333949,0.004737662998959422,reports/P142/A_simclr_blur.json
A,"F-SOLVER-P116 (P5_simclr_seed0, 2 views, 200 epochs)",blur_s0.5,planted,0.5,2000,100,A3@200,"matched logistic, 200",1.0,"[0.963005192523998, 0.9999999999999998]",False,1,0,-0.0007576606185093741,0.48558500077575445,0.004435772788710892,reports/P142/A_simclr_blur.json
A,"F-SOLVER-P116 (P5_simclr_seed0, 2 views, 200 epochs)",blur_s0.5,planted,0.5,2000,100,A3@800,"matched logistic, 800",1.0,"[0.963005192523998, 0.9999999999999998]",False,1,0,-0.0007576541747941304,1.7819480900326743,0.0044043528148904445,reports/P142/A_simclr_blur.json
A,"F-SOLVER-P116 (P5_simclr_seed0, 2 views, 200 epochs)",blur_s0.5,planted,0.5,2000,100,K1,"same-target kernel (RFF, A1 solver)",0.96,"[0.9016278276739262, 0.9843369494481519]",False,1,4,0.0002988952563405351,0.6435092371562496,0.003301244298927486,reports/P142/A_simclr_blur.json
A,"F-SOLVER-P116 (P5_simclr_seed0, 2 views, 200 epochs)",blur_s0.5,planted,0.5,2000,100,H1,"conditional HSIC, class-wise median kernel",0.58,"[0.48206307998895265, 0.6720177508148869]",False,1,42,,nan,1.6796350997500122,reports/P142/A_simclr_blur.json
A,"F-SOLVER-P116 (P5_simclr_seed0, 2 views, 200 epochs)",blur_s0.5,planted,0.5,2000,100,H2,"conditional HSIC, deep kernel",0.55,"[0.4524442703164345, 0.6438562489359655]",False,0,44,,65.40041620630771,0.8946868864819407,reports/P142/A_simclr_blur.json
A,"F-SOLVER-P116 (P5_simclr_seed0, 2 views, 200 epochs)",colour_null_label_only,null_label_only,0.0,2000,200,A1,VCS (ridge-tanh two-stage),0.04,"[0.02040538715065641, 0.07693293829419882]",False,,,-0.0006114394091110387,0.02615400600945577,0.0020006282557733356,reports/P142/A_simclr_level.json
A,"F-SOLVER-P116 (P5_simclr_seed0, 2 views, 200 epochs)",colour_null_label_only,null_label_only,0.0,2000,200,A3@50,"matched logistic, 50 closures",0.045,"[0.02385227172470417, 0.08329759366096785]",False,3,2,-0.006527852702563532,0.044918721241410824,0.002479665791615844,reports/P142/A_simclr_level.json
A,"F-SOLVER-P116 (P5_simclr_seed0, 2 views, 200 epochs)",colour_null_label_only,null_label_only,0.0,2000,200,A3@200,"matched logistic, 200",0.045,"[0.02385227172470417, 0.08329759366096785]",False,3,2,-0.006524537089935487,0.24218024318106474,0.002489978095982224,reports/P142/A_simclr_level.json
A,"F-SOLVER-P116 (P5_simclr_seed0, 2 views, 200 epochs)",colour_null_label_only,null_label_only,0.0,2000,200,A3@800,"matched logistic, 800",0.045,"[0.02385227172470417, 0.08329759366096785]",False,3,2,-0.006524537089935487,0.93155796661973,0.0025273279659450056,reports/P142/A_simclr_level.json
A,"F-SOLVER-P116 (P5_simclr_seed0, 2 views, 200 epochs)",colour_null_label_only,null_label_only,0.0,2000,200,K1,"same-target kernel (RFF, A1 solver)",0.06,"[0.03465184990127151, 0.10193263530685089]",False,8,4,-0.0013583585296145673,0.2720102288830094,0.0015224204771220684,reports/P142/A_simclr_level.json
A,"F-SOLVER-P116 (P5_simclr_seed0, 2 views, 200 epochs)",colour_null_label_only,null_label_only,0.0,2000,200,H1,"conditional HSIC, class-wise median kernel",0.07,"[0.04215178292291873, 0.11405578216683726]",False,14,8,,nan,0.6205161598650739,reports/P142/A_simclr_level.json
A,"F-SOLVER-P116 (P5_simclr_seed0, 2 views, 200 epochs)",colour_null_label_only,null_label_only,0.0,2000,200,H2,"conditional HSIC, deep kernel",0.025,"[0.010724561470787711, 0.057179144151617144]",False,5,8,,56.7485198091506,0.6225674748071469,reports/P142/A_simclr_level.json
A,"F-SOLVER-P116 (P5_simclr_seed0, 2 views, 200 epochs)",colour_null_all_planted0.2,null_all_planted,0.2,2000,200,A1,VCS (ridge-tanh two-stage),0.055,"[0.0309850208013701, 0.0957879244659355]",False,,,-0.0006999098267289265,0.02470262979855761,0.0018634528201073408,reports/P142/A_simclr_level.json
A,"F-SOLVER-P116 (P5_simclr_seed0, 2 views, 200 epochs)",colour_null_all_planted0.2,null_all_planted,0.2,2000,200,A3@50,"matched logistic, 50 closures",0.055,"[0.0309850208013701, 0.0957879244659355]",False,3,3,-0.006723608775994079,0.04281262021744624,0.0023016449343413116,reports/P142/A_simclr_level.json
A,"F-SOLVER-P116 (P5_simclr_seed0, 2 views, 200 epochs)",colour_null_all_planted0.2,null_all_planted,0.2,2000,200,A3@200,"matched logistic, 200",0.055,"[0.0309850208013701, 0.0957879244659355]",False,3,3,-0.00671945387014474,0.23383813007269055,0.0023140328633598985,reports/P142/A_simclr_level.json
A,"F-SOLVER-P116 (P5_simclr_seed0, 2 views, 200 epochs)",colour_null_all_planted0.2,null_all_planted,0.2,2000,200,A3@800,"matched logistic, 800",0.055,"[0.0309850208013701, 0.0957879244659355]",False,3,3,-0.00671945387014474,0.8893717708950862,0.0023205223539844153,reports/P142/A_simclr_level.json
A,"F-SOLVER-P116 (P5_simclr_seed0, 2 views, 200 epochs)",colour_null_all_planted0.2,null_all_planted,0.2,2000,200,K1,"same-target kernel (RFF, A1 solver)",0.035,"[0.017055324637357108, 0.07047146086668134]",False,4,8,-0.0012382309784310715,0.2611641653627157,0.0013953473325818777,reports/P142/A_simclr_level.json
A,"F-SOLVER-P116 (P5_simclr_seed0, 2 views, 200 epochs)",colour_null_all_planted0.2,null_all_planted,0.2,2000,200,H1,"conditional HSIC, class-wise median kernel",0.055,"[0.0309850208013701, 0.0957879244659355]",False,11,11,,nan,0.6106133821839467,reports/P142/A_simclr_level.json
A,"F-SOLVER-P116 (P5_simclr_seed0, 2 views, 200 epochs)",colour_null_all_planted0.2,null_all_planted,0.2,2000,200,H2,"conditional HSIC, deep kernel",0.05,"[0.027382349028644982, 0.08957905629784384]",False,8,9,,55.23800849296851,0.6113639498827979,reports/P142/A_simclr_level.json
A,"F-SOLVER-P116 (P5_simclr_seed0, 2 views, 200 epochs)",colour_null_label_only,null_label_only,0.0,1000,200,A1,VCS (ridge-tanh two-stage),0.045,"[0.02385227172470417, 0.08329759366096785]",False,,,-0.0013123020919138762,0.02207211319822818,0.001168703723233193,reports/P142/A_simclr_level_n1000.json
A,"F-SOLVER-P116 (P5_simclr_seed0, 2 views, 200 epochs)",colour_null_label_only,null_label_only,0.0,1000,200,A3@50,"matched logistic, 50 closures",0.05,"[0.027382349028644982, 0.08957905629784384]",False,2,1,-0.013592705042659185,0.039199261197354646,0.0015579161327332258,reports/P142/A_simclr_level_n1000.json
A,"F-SOLVER-P116 (P5_simclr_seed0, 2 views, 200 epochs)",colour_null_label_only,null_label_only,0.0,1000,200,A3@200,"matched logistic, 200",0.045,"[0.02385227172470417, 0.08329759366096785]",False,2,2,-0.013594293601628102,0.22059153564507142,0.0013501705694943667,reports/P142/A_simclr_level_n1000.json
A,"F-SOLVER-P116 (P5_simclr_seed0, 2 views, 200 epochs)",colour_null_label_only,null_label_only,0.0,1000,200,A3@800,"matched logistic, 800",0.045,"[0.02385227172470417, 0.08329759366096785]",False,2,2,-0.013594293601628102,0.9618167010834441,0.0013056130846962333,reports/P142/A_simclr_level_n1000.json
A,"F-SOLVER-P116 (P5_simclr_seed0, 2 views, 200 epochs)",colour_null_label_only,null_label_only,0.0,1000,200,K1,"same-target kernel (RFF, A1 solver)",0.05,"[0.027382349028644982, 0.08957905629784384]",False,7,6,-0.00318115371396429,0.21986786392750218,0.0008740443293936551,reports/P142/A_simclr_level_n1000.json
A,"F-SOLVER-P116 (P5_simclr_seed0, 2 views, 200 epochs)",colour_null_label_only,null_label_only,0.0,1000,200,H1,"conditional HSIC, class-wise median kernel",0.03,"[0.013820125830748323, 0.06389511973247333]",False,6,9,,nan,0.37719773516291755,reports/P142/A_simclr_level_n1000.json
A,"F-SOLVER-P116 (P5_simclr_seed0, 2 views, 200 epochs)",colour_null_label_only,null_label_only,0.0,1000,200,H2,"conditional HSIC, deep kernel",0.04,"[0.02040538715065641, 0.07693293829419882]",False,8,9,,31.87599635471357,0.3810311492998153,reports/P142/A_simclr_level_n1000.json
B,F-SOLVER-P142B (P41_simclr_views4_800ep_seed1 = Table 4 SimCLR / 1),blur_s0.5,planted,0.5,1000,100,A1,VCS (ridge-tanh two-stage),0.27,"[0.1926946091766482, 0.36432300226231273]",False,,,-0.0012535682752661446,0.05429612733889371,0.0029970209021121263,reports/P142/B_simclrs1_blur.json
B,F-SOLVER-P142B (P41_simclr_views4_800ep_seed1 = Table 4 SimCLR / 1),blur_s0.5,planted,0.5,1000,100,A3@50,"matched logistic, 50 closures",0.33,"[0.24562983793895452, 0.4269483966028862]",False,8,2,-0.01374655034967821,0.06822035240009428,0.00550027868244797,reports/P142/B_simclrs1_blur.json
B,F-SOLVER-P142B (P41_simclr_views4_800ep_seed1 = Table 4 SimCLR / 1),blur_s0.5,planted,0.5,1000,100,A3@200,"matched logistic, 200",0.33,"[0.24562983793895452, 0.4269483966028862]",False,8,2,-0.013745443614550492,0.40479153528809547,0.005396384312771261,reports/P142/B_simclrs1_blur.json
B,F-SOLVER-P142B (P41_simclr_views4_800ep_seed1 = Table 4 SimCLR / 1),blur_s0.5,planted,0.5,1000,100,A3@800,"matched logistic, 800",0.33,"[0.24562983793895452, 0.4269483966028862]",False,8,2,-0.013745443614550492,1.4823166670650243,0.005420341244898736,reports/P142/B_simclrs1_blur.json
B,F-SOLVER-P142B (P41_simclr_views4_800ep_seed1 = Table 4 SimCLR / 1),blur_s0.5,planted,0.5,1000,100,K1,"same-target kernel (RFF, A1 solver)",0.27,"[0.1926946091766482, 0.36432300226231273]",False,13,13,-0.0021806996156697764,0.604004274266772,0.002835293519310653,reports/P142/B_simclrs1_blur.json
B,F-SOLVER-P142B (P41_simclr_views4_800ep_seed1 = Table 4 SimCLR / 1),blur_s0.5,planted,0.5,1000,100,H1,"conditional HSIC, class-wise median kernel",0.08,"[0.04109296948581091, 0.1499826687940307]",False,6,25,,nan,1.0798588337237016,reports/P142/B_simclrs1_blur.json
B,F-SOLVER-P142B (P41_simclr_views4_800ep_seed1 = Table 4 SimCLR / 1),blur_s0.5,planted,0.5,1000,100,H2,"conditional HSIC, deep kernel",0.1,"[0.05522854161313613, 0.1743673043676654]",False,6,23,,62.86212847676594,1.0356150315655395,reports/P142/B_simclrs1_blur.json
B,F-SOLVER-P142B (P41_simclr_views4_800ep_seed1 = Table 4 SimCLR / 1),blur_s0.5,planted,0.5,2000,100,A1,VCS (ridge-tanh two-stage),0.66,"[0.5627754565831095, 0.74538620502457]",False,,,-0.0002930061513026372,0.08001514020375908,0.0033063417905941604,reports/P142/B_simclrs1_blur.json
B,F-SOLVER-P142B (P41_simclr_views4_800ep_seed1 = Table 4 SimCLR / 1),blur_s0.5,planted,0.5,2000,100,A3@50,"matched logistic, 50 closures",0.72,"[0.6251178763865428, 0.7986044083240162]",False,7,1,-0.005782398373516965,0.08213252553250641,0.006101314141415059,reports/P142/B_simclrs1_blur.json
B,F-SOLVER-P142B (P41_simclr_views4_800ep_seed1 = Table 4 SimCLR / 1),blur_s0.5,planted,0.5,2000,100,A3@200,"matched logistic, 200",0.72,"[0.6251178763865428, 0.7986044083240162]",False,7,1,-0.005781498074720939,0.46447204492986205,0.0060547960456460714,reports/P142/B_simclrs1_blur.json
B,F-SOLVER-P142B (P41_simclr_views4_800ep_seed1 = Table 4 SimCLR / 1),blur_s0.5,planted,0.5,2000,100,A3@800,"matched logistic, 800",0.72,"[0.6251178763865428, 0.7986044083240162]",False,7,1,-0.005781498074720939,1.0282870727824047,0.006041520284488797,reports/P142/B_simclrs1_blur.json
B,F-SOLVER-P142B (P41_simclr_views4_800ep_seed1 = Table 4 SimCLR / 1),blur_s0.5,planted,0.5,2000,100,K1,"same-target kernel (RFF, A1 solver)",0.5,"[0.40382982859014716, 0.5961701714098528]",False,6,22,-0.0010246608773917005,0.7195162818208337,0.0032045817328616977,reports/P142/B_simclrs1_blur.json
B,F-SOLVER-P142B (P41_simclr_views4_800ep_seed1 = Table 4 SimCLR / 1),blur_s0.5,planted,0.5,2000,100,H1,"conditional HSIC, class-wise median kernel",0.22,"[0.15001174503655804, 0.31070534715000303]",False,10,54,,nan,2.7043881588894876,reports/P142/B_simclrs1_blur.json
B,F-SOLVER-P142B (P41_simclr_views4_800ep_seed1 = Table 4 SimCLR / 1),blur_s0.5,planted,0.5,2000,100,H2,"conditional HSIC, deep kernel",0.19,"[0.12514653992704258, 0.2777902407080786]",False,7,54,,109.68810778402258,2.019402573672123,reports/P142/B_simclrs1_blur.json
B,F-SOLVER-P142B (P41_simclr_views4_800ep_seed1 = Table 4 SimCLR / 1),colour_s0.2,planted,0.2,2000,100,A1,VCS (ridge-tanh two-stage),0.52,"[0.42316405090176545, 0.6153561567991945]",False,,,-6.978308664424117e-05,0.06734151717741042,0.0038118246803060174,reports/P142/B_simclrs1_colour.json
B,F-SOLVER-P142B (P41_simclr_views4_800ep_seed1 = Table 4 SimCLR / 1),colour_s0.2,planted,0.2,2000,100,A3@50,"matched logistic, 50 closures",0.61,"[0.5120283616749816, 0.699832780680298]",False,10,1,-0.00637031728544727,0.10188855390995741,0.0067699175560846925,reports/P142/B_simclrs1_colour.json
B,F-SOLVER-P142B (P41_simclr_views4_800ep_seed1 = Table 4 SimCLR / 1),colour_s0.2,planted,0.2,2000,100,A3@200,"matched logistic, 200",0.61,"[0.5120283616749816, 0.699832780680298]",False,10,1,-0.006370506401919269,0.5450192245747894,0.006743735694326461,reports/P142/B_simclrs1_colour.json
B,F-SOLVER-P142B (P41_simclr_views4_800ep_seed1 = Table 4 SimCLR / 1),colour_s0.2,planted,0.2,2000,100,A3@800,"matched logistic, 800",0.61,"[0.5120283616749816, 0.699832780680298]",False,10,1,-0.006370506401919269,1.200958126806654,0.006757515794597566,reports/P142/B_simclrs1_colour.json
B,F-SOLVER-P142B (P41_simclr_views4_800ep_seed1 = Table 4 SimCLR / 1),colour_s0.2,planted,0.2,2000,100,K1,"same-target kernel (RFF, A1 solver)",0.42,"[0.327982249185113, 0.5179369200110472]",False,7,17,-0.0010019965510862942,0.8553041376080364,0.0037511556781828406,reports/P142/B_simclrs1_colour.json
B,F-SOLVER-P142B (P41_simclr_views4_800ep_seed1 = Table 4 SimCLR / 1),colour_s0.2,planted,0.2,2000,100,H1,"conditional HSIC, class-wise median kernel",0.39,"[0.300167219319702, 0.4879716383250184]",False,19,32,,nan,2.1767626101057975,reports/P142/B_simclrs1_colour.json
B,F-SOLVER-P142B (P41_simclr_views4_800ep_seed1 = Table 4 SimCLR / 1),colour_s0.2,planted,0.2,2000,100,H2,"conditional HSIC, deep kernel",0.44,"[0.34671865400968327, 0.537720722887437]",False,20,28,,111.63832245341037,2.04662444404792,reports/P142/B_simclrs1_colour.json
B,F-SOLVER-P142B (P41_simclr_views4_800ep_seed1 = Table 4 SimCLR / 1),colour_s0.1,planted,0.1,2000,100,A1,VCS (ridge-tanh two-stage),0.09,"[0.048071995163884884, 0.16226374696643667]",False,,,-0.000510531795175771,0.11133107479196042,0.0044361218297854065,reports/P142/B_simclrs1_colour.json
B,F-SOLVER-P142B (P41_simclr_views4_800ep_seed1 = Table 4 SimCLR / 1),colour_s0.1,planted,0.1,2000,100,A3@50,"matched logistic, 50 closures",0.07,"[0.0343188243640641, 0.13749671006529754]",False,2,4,-0.007961334005905625,0.09196263797581196,0.007563574579544366,reports/P142/B_simclrs1_colour.json
B,F-SOLVER-P142B (P41_simclr_views4_800ep_seed1 = Table 4 SimCLR / 1),colour_s0.1,planted,0.1,2000,100,A3@200,"matched logistic, 200",0.07,"[0.0343188243640641, 0.13749671006529754]",False,2,4,-0.007961367510992296,0.47766658644657584,0.007486360026523471,reports/P142/B_simclrs1_colour.json
B,F-SOLVER-P142B (P41_simclr_views4_800ep_seed1 = Table 4 SimCLR / 1),colour_s0.1,planted,0.1,2000,100,A3@800,"matched logistic, 800",0.07,"[0.0343188243640641, 0.13749671006529754]",False,2,4,-0.007961367510992296,1.0971521020447836,0.007476841234602034,reports/P142/B_simclrs1_colour.json
B,F-SOLVER-P142B (P41_simclr_views4_800ep_seed1 = Table 4 SimCLR / 1),colour_s0.1,planted,0.1,2000,100,K1,"same-target kernel (RFF, A1 solver)",0.08,"[0.04109296948581091, 0.1499826687940307]",False,4,5,-0.0011235785477327206,0.8176710179867223,0.004368455628864467,reports/P142/B_simclrs1_colour.json
B,F-SOLVER-P142B (P41_simclr_views4_800ep_seed1 = Table 4 SimCLR / 1),colour_s0.1,planted,0.1,2000,100,H1,"conditional HSIC, class-wise median kernel",0.09,"[0.048071995163884884, 0.16226374696643667]",False,8,8,,nan,2.171858363104984,reports/P142/B_simclrs1_colour.json
B,F-SOLVER-P142B (P41_simclr_views4_800ep_seed1 = Table 4 SimCLR / 1),colour_s0.1,planted,0.1,2000,100,H2,"conditional HSIC, deep kernel",0.07,"[0.0343188243640641, 0.13749671006529754]",False,6,8,,109.10674258330371,2.0131763773597777,reports/P142/B_simclrs1_colour.json
B,F-SOLVER-P142B (P41_simclr_views4_800ep_seed1 = Table 4 SimCLR / 1),colour_null_label_only,null_label_only,0.0,1000,200,A1,VCS (ridge-tanh two-stage),0.035,"[0.017055324637357108, 0.07047146086668134]",False,,,-0.001694294423384457,0.026693108528852462,0.00144895707257092,reports/P142/B_simclrs1_level.json
B,F-SOLVER-P142B (P41_simclr_views4_800ep_seed1 = Table 4 SimCLR / 1),colour_null_label_only,null_label_only,0.0,1000,200,A3@50,"matched logistic, 50 closures",0.04,"[0.02040538715065641, 0.07693293829419882]",False,2,1,-0.01720381038120124,0.051679465372581036,0.0016686587873846292,reports/P142/B_simclrs1_level.json
B,F-SOLVER-P142B (P41_simclr_views4_800ep_seed1 = Table 4 SimCLR / 1),colour_null_label_only,null_label_only,0.0,1000,200,A3@200,"matched logistic, 200",0.04,"[0.02040538715065641, 0.07693293829419882]",False,2,1,-0.017204592033570068,0.306617997919675,0.001501384237781167,reports/P142/B_simclrs1_level.json
B,F-SOLVER-P142B (P41_simclr_views4_800ep_seed1 = Table 4 SimCLR / 1),colour_null_label_only,null_label_only,0.0,1000,200,A3@800,"matched logistic, 800",0.04,"[0.02040538715065641, 0.07693293829419882]",False,2,1,-0.017204592033570068,1.211763723033946,0.0014774908614344894,reports/P142/B_simclrs1_level.json
B,F-SOLVER-P142B (P41_simclr_views4_800ep_seed1 = Table 4 SimCLR / 1),colour_null_label_only,null_label_only,0.0,1000,200,K1,"same-target kernel (RFF, A1 solver)",0.04,"[0.02040538715065641, 0.07693293829419882]",False,6,5,-0.003565925237791595,0.22089102979050948,0.0010624871542677283,reports/P142/B_simclrs1_level.json
B,F-SOLVER-P142B (P41_simclr_views4_800ep_seed1 = Table 4 SimCLR / 1),colour_null_label_only,null_label_only,0.0,1000,200,H1,"conditional HSIC, class-wise median kernel",0.04,"[0.02040538715065641, 0.07693293829419882]",False,7,6,,nan,0.5390835847635753,reports/P142/B_simclrs1_level.json
B,F-SOLVER-P142B (P41_simclr_views4_800ep_seed1 = Table 4 SimCLR / 1),colour_null_label_only,null_label_only,0.0,1000,200,H2,"conditional HSIC, deep kernel",0.055,"[0.0309850208013701, 0.0957879244659355]",False,11,7,,40.13541772871744,0.5384485682472586,reports/P142/B_simclrs1_level.json
B,F-SOLVER-P142B (P41_simclr_views4_800ep_seed1 = Table 4 SimCLR / 1),colour_null_label_only,null_label_only,0.0,2000,200,A1,VCS (ridge-tanh two-stage),0.06,"[0.03465184990127151, 0.10193263530685089]",False,,,-0.000641570786580978,0.028562862516846508,0.0019785431725904347,reports/P142/B_simclrs1_level.json
B,F-SOLVER-P142B (P41_simclr_views4_800ep_seed1 = Table 4 SimCLR / 1),colour_null_label_only,null_label_only,0.0,2000,200,A3@50,"matched logistic, 50 closures",0.055,"[0.0309850208013701, 0.0957879244659355]",False,1,2,-0.008893364037761949,0.053914724085479974,0.002358534417580813,reports/P142/B_simclrs1_level.json
B,F-SOLVER-P142B (P41_simclr_views4_800ep_seed1 = Table 4 SimCLR / 1),colour_null_label_only,null_label_only,0.0,2000,200,A3@200,"matched logistic, 200",0.055,"[0.0309850208013701, 0.0957879244659355]",False,1,2,-0.008892826152052382,0.3089743393403478,0.002047565106768161,reports/P142/B_simclrs1_level.json
B,F-SOLVER-P142B (P41_simclr_views4_800ep_seed1 = Table 4 SimCLR / 1),colour_null_label_only,null_label_only,0.0,2000,200,A3@800,"matched logistic, 800",0.055,"[0.0309850208013701, 0.0957879244659355]",False,1,2,-0.008892826152052382,0.7277150574140251,0.001987977458629757,reports/P142/B_simclrs1_level.json
B,F-SOLVER-P142B (P41_simclr_views4_800ep_seed1 = Table 4 SimCLR / 1),colour_null_label_only,null_label_only,0.0,2000,200,K1,"same-target kernel (RFF, A1 solver)",0.045,"[0.02385227172470417, 0.08329759366096785]",False,4,7,-0.0014671357019702133,0.24327404604991898,0.001399795392062515,reports/P142/B_simclrs1_level.json
B,F-SOLVER-P142B (P41_simclr_views4_800ep_seed1 = Table 4 SimCLR / 1),colour_null_label_only,null_label_only,0.0,2000,200,H1,"conditional HSIC, class-wise median kernel",0.025,"[0.010724561470787711, 0.057179144151617144]",False,4,11,,nan,0.7233566583343781,reports/P142/B_simclrs1_level.json
B,F-SOLVER-P142B (P41_simclr_views4_800ep_seed1 = Table 4 SimCLR / 1),colour_null_label_only,null_label_only,0.0,2000,200,H2,"conditional HSIC, deep kernel",0.035,"[0.017055324637357108, 0.07047146086668134]",False,5,10,,60.16306215103716,0.7245304862130433,reports/P142/B_simclrs1_level.json
B,F-SOLVER-P142B (P41_simclr_views4_800ep_seed1 = Table 4 SimCLR / 1),colour_null_all_planted0.2,null_all_planted,0.2,2000,200,A1,VCS (ridge-tanh two-stage),0.075,"[0.045974507057252416, 0.12004459797332036]",False,,,-0.0007677164064189945,0.035180619026068595,0.0019750479888170957,reports/P142/B_simclrs1_level.json
B,F-SOLVER-P142B (P41_simclr_views4_800ep_seed1 = Table 4 SimCLR / 1),colour_null_all_planted0.2,null_all_planted,0.2,2000,200,A3@50,"matched logistic, 50 closures",0.055,"[0.0309850208013701, 0.0957879244659355]",False,1,5,-0.008691471513765849,0.05431723148562014,0.0023306148056872187,reports/P142/B_simclrs1_level.json
B,F-SOLVER-P142B (P41_simclr_views4_800ep_seed1 = Table 4 SimCLR / 1),colour_null_all_planted0.2,null_all_planted,0.2,2000,200,A3@200,"matched logistic, 200",0.055,"[0.0309850208013701, 0.0957879244659355]",False,1,5,-0.008691511828428844,0.30979842494474724,0.0020141526334919034,reports/P142/B_simclrs1_level.json
B,F-SOLVER-P142B (P41_simclr_views4_800ep_seed1 = Table 4 SimCLR / 1),colour_null_all_planted0.2,null_all_planted,0.2,2000,200,A3@800,"matched logistic, 800",0.055,"[0.0309850208013701, 0.0957879244659355]",False,1,5,-0.008691511828428844,0.7328958328068257,0.001962026369292289,reports/P142/B_simclrs1_level.json
B,F-SOLVER-P142B (P41_simclr_views4_800ep_seed1 = Table 4 SimCLR / 1),colour_null_all_planted0.2,null_all_planted,0.2,2000,200,K1,"same-target kernel (RFF, A1 solver)",0.07,"[0.04215178292291873, 0.11405578216683726]",False,8,9,-0.0017273058254499447,0.2450587279512547,0.0014018963067792356,reports/P142/B_simclrs1_level.json
B,F-SOLVER-P142B (P41_simclr_views4_800ep_seed1 = Table 4 SimCLR / 1),colour_null_all_planted0.2,null_all_planted,0.2,2000,200,H1,"conditional HSIC, class-wise median kernel",0.025,"[0.010724561470787711, 0.057179144151617144]",False,5,15,,nan,0.726199363716878,reports/P142/B_simclrs1_level.json
B,F-SOLVER-P142B (P41_simclr_views4_800ep_seed1 = Table 4 SimCLR / 1),colour_null_all_planted0.2,null_all_planted,0.2,2000,200,H2,"conditional HSIC, deep kernel",0.025,"[0.010724561470787711, 0.057179144151617144]",False,5,15,,60.3941075579985,0.7283371826075018,reports/P142/B_simclrs1_level.json
